point_id,branch,alpha,chi,state,omega_real_M,gamma_M,separation_real,separation_imag,bilinear_norm_real,bilinear_norm_imag,r_99_M,cf_residual,radial_residual,angular_residual,converged,message,selected_truncation,convergence_history,radial_ode_residual,bilinear_norm_error
a0.100000_21+1_21+1,21+1,0.1,0.38416681789681867,21+1,0.09987367262695772,3.0682667543940727e-19,2.0000007452855773,-1.8090216010892226e-21,1.0000000000007945,-4.120605835054521e-15,1149.1883390037754,1.2978772352665857e-13,7.449092834015101e-14,3.495065018988444e-16,True,"ok; adaptive N=400, reference N=600",400,"[{""candidate_N"": 400, ""candidate_mode_converged"": true, ""gamma_limit"": 1e-15, ""gamma_metric"": 3.0045876802953787e-19, ""passed"": true, ""r99_relative"": 8.411694536912113e-10, ""real_relative"": 9.448832170778437e-15, ""reference_N"": 600, ""reference_mode_converged"": true}]",3.1657456037277627e-11,7.944862822617911e-13
a0.100000_21+1_21-1,21+1,0.1,0.38416681789681867,21-1,0.09987360457690089,-3.5464463687015346e-11,2.0000007456867936,2.0909504387025755e-13,1.0000000000017677,-2.194510469505648e-15,1148.635703397405,2.6386186757607876e-13,6.393787166707462e-13,3.1469521721672595e-16,True,"ok; adaptive N=400, reference N=600",400,"[{""candidate_N"": 400, ""candidate_mode_converged"": true, ""gamma_limit"": 0.001, ""gamma_metric"": 2.138562126523653e-05, ""passed"": true, ""r99_relative"": 3.5419160805146983e-09, ""real_relative"": 3.987965706970963e-14, ""reference_N"": 600, ""reference_mode_converged"": true}]",6.866793474450629e-12,1.7676984619969637e-12
a0.100000_32+2_30+0,32+2,0.1,0.19791155474884012,30+0,0.09994218895576776,-5.434087938866751e-07,1.5091635423457014e-07,1.418164285282937e-09,0.9999999999920205,-2.8995067006488333e-13,2459.8895738618608,2.0413617346834918e-14,2.13520681926494e-12,3.3469332520047002e-15,True,"ok; adaptive N=400, reference N=600",400,"[{""candidate_N"": 400, ""candidate_mode_converged"": true, ""gamma_limit"": 0.001, ""gamma_metric"": 7.631295855452092e-05, ""passed"": true, ""r99_relative"": 4.34683249351469e-05, ""real_relative"": 4.4925444877075015e-10, ""reference_N"": 600, ""reference_mode_converged"": true}]",3.012076982156875e-09,7.984772164287482e-12
a0.100000_32+2_32+0,32+2,0.1,0.19791155474884012,32+0,0.09994422975309299,-1.1162977004451617e-18,6.000000228784784,4.578080781241679e-21,1.000000000001712,1.8374360040542623e-15,2177.2098973262114,1.9690550790928837e-12,5.7252245797672e-13,2.515622596712462e-16,True,"ok; adaptive N=400, reference N=600",400,"[{""candidate_N"": 400, ""candidate_mode_converged"": true, ""gamma_limit"": 1e-15, ""gamma_metric"": 6.876124741033144e-21, ""passed"": true, ""r99_relative"": 5.589072682999871e-12, ""real_relative"": 0.0, ""reference_N"": 600, ""reference_mode_converged"": true}]",1.001713922006736e-11,1.7119648900237675e-12
a0.100000_32+2_32+2,32+2,0.1,0.19791155474884012,32+2,0.0999442317375743,1.1008434818595253e-21,6.00000006239363,-1.2312820855923413e-24,0.9999999999963263,9.903035865022331e-17,2177.2854458629145,6.429689994161138e-12,5.569959575619405e-13,4.337647663451031e-16,True,"ok; adaptive N=400, reference N=600",400,"[{""candidate_N"": 400, ""candidate_mode_converged"": true, ""gamma_limit"": 1e-15, ""gamma_metric"": 2.6300406566466345e-24, ""passed"": true, ""r99_relative"": 4.683053901316772e-12, ""real_relative"": 0.0, ""reference_N"": 600, ""reference_mode_converged"": true}]",1.652459131244051e-11,3.673727989819393e-12
a0.100000_43+3_41+1,43+3,0.1,0.13270216768783888,41+1,0.09996850678748365,-1.2251068721909528e-12,2.000000022180156,8.626869025542981e-16,0.9999999999993032,9.635241914851978e-15,4103.397489021976,9.433115273070243e-13,1.5340483197217145e-11,1.8328434934252982e-16,True,"ok; adaptive N=400, reference N=600",400,"[{""candidate_N"": 400, ""candidate_mode_converged"": true, ""gamma_limit"": 0.001, ""gamma_metric"": 0.000624797637007631, ""passed"": true, ""r99_relative"": 2.0818212189762674e-09, ""real_relative"": 1.763034287727375e-14, ""reference_N"": 600, ""reference_mode_converged"": true}]",9.767128651698428e-10,6.968425866802369e-13
a0.100000_43+3_43+1,43+3,0.1,0.13270216768783888,43+1,0.09996868917013094,-7.58254810498068e-21,12.00000005145403,1.2458678682707693e-23,1.0000000000095297,-8.285037324078779e-16,3473.5562667273452,1.5450680910056246e-11,8.58484768107136e-13,8.670761754144441e-16,True,"ok; adaptive N=400, reference N=600",400,"[{""candidate_N"": 400, ""candidate_mode_converged"": true, ""gamma_limit"": 1e-15, ""gamma_metric"": 0.0, ""passed"": true, ""r99_relative"": 2.60052096752679e-11, ""real_relative"": 0.0, ""reference_N"": 600, ""reference_mode_converged"": true}]",9.714420813796691e-12,9.529710390187148e-12
a0.100000_43+3_43+3,43+3,0.1,0.13270216768783888,43+3,0.09996868936896305,6.398864384719125e-20,12.000000012250881,-2.5032857315680874e-23,0.9999999999910087,6.969827921193096e-17,3473.5788259195533,3.0365529453163575e-11,1.2802330055515369e-12,7.72079072275705e-16,True,"ok; adaptive N=400, reference N=600",400,"[{""candidate_N"": 400, ""candidate_mode_converged"": true, ""gamma_limit"": 1e-15, ""gamma_metric"": 0.0, ""passed"": true, ""r99_relative"": 4.518045109345482e-12, ""real_relative"": 0.0, ""reference_N"": 600, ""reference_mode_converged"": true}]",1.0031979775721607e-11,8.991252187499435e-12
a0.125000_21+1_21+1,21+1,0.125,0.46976348971362125,21+1,0.12475180800821226,6.538856525446231e-19,2.000002735802772,-7.200570332606313e-21,1.000000000000576,-7.195652128474309e-17,731.4598084856233,1.6149672315122078e-13,1.4174604427822999e-13,4.3364574820391235e-16,True,"ok; adaptive N=400, reference N=600",400,"[{""candidate_N"": 400, ""candidate_mode_converged"": true, ""gamma_limit"": 1e-15, ""gamma_metric"": 5.391598985853664e-19, ""passed"": true, ""r99_relative"": 3.3535278986368447e-10, ""real_relative"": 6.00713170884588e-15, ""reference_N"": 600, ""reference_mode_converged"": true}]",3.022727632730438e-11,5.759837096702252e-13
a0.125000_21+1_21-1,21+1,0.125,0.46976348971362125,21-1,0.12475147872599127,-4.60680593443121e-10,2.000002739428814,5.072988285717514e-12,0.9999999999999898,-3.05391169652319e-15,730.5923763437555,5.420663207144067e-14,1.1667335027588323e-12,2.517562274949967e-16,True,"ok; adaptive N=400, reference N=600",400,"[{""candidate_N"": 400, ""candidate_mode_converged"": true, ""gamma_limit"": 0.001, ""gamma_metric"": 2.235162415218007e-06, ""passed"": true, ""r99_relative"": 1.7384553029684641e-09, ""real_relative"": 3.003573782351587e-14, ""reference_N"": 600, ""reference_mode_converged"": true}]",2.55700381633039e-11,1.0660826955055596e-14
a0.125000_32+2_30+0,32+2,0.125,0.24594549892517442,30+0,0.12488450611778214,-2.5344784149849925e-06,5.819087330304327e-07,1.2763905757279062e-08,0.9999999999973559,4.0769080819624826e-13,1543.1866270453456,2.605930657160792e-13,1.7169405995003416e-11,2.0706101779749254e-21,True,"ok; adaptive N=400, reference N=600",400,"[{""candidate_N"": 400, ""candidate_mode_converged"": true, ""gamma_limit"": 0.001, ""gamma_metric"": 1.1395944224601317e-05, ""passed"": true, ""r99_relative"": 6.654867018404916e-06, ""real_relative"": 1.52469357361384e-10, ""reference_N"": 600, ""reference_mode_converged"": true}]",1.3187428687254763e-09,2.6753531438999187e-12
a0.125000_32+2_32+0,32+2,0.125,0.24594549892517442,32+0,0.12489083485684592,-2.6392353192781204e-17,6.000000864341728,2.088766314038724e-19,0.9999999999993454,5.348659119267992e-16,1390.3513759328114,1.1496863485577452e-12,1.3154974837445059e-12,1.459991272176831e-15,True,"ok; adaptive N=400, reference N=600",400,"[{""candidate_N"": 400, ""candidate_mode_converged"": true, ""gamma_limit"": 1e-15, ""gamma_metric"": 1.1753443298783348e-19, ""passed"": true, ""r99_relative"": 1.91393709482102e-11, ""real_relative"": 0.0, ""reference_N"": 600, ""reference_mode_converged"": true}]",1.0458377383930791e-11,6.54587713839433e-13
a0.125000_32+2_32+2,32+2,0.125,0.24594549892517442,32+2,0.12489084434541423,6.263439731979138e-22,6.0000002357090665,-1.3519268660164794e-24,1.0000000000020466,4.1204576195688547e-16,1390.4688462555134,2.4669155933965756e-12,2.253246852122112e-13,1.4347605442919417e-15,True,"ok; adaptive N=400, reference N=600",400,"[{""candidate_N"": 400, ""candidate_mode_converged"": true, ""gamma_limit"": 1e-15, ""gamma_metric"": 8.230253225712112e-22, ""passed"": true, ""r99_relative"": 3.28112225235348e-11, ""real_relative"": 0.0, ""reference_N"": 600, ""reference_mode_converged"": true}]",1.3388623068384054e-11,2.0465851650732822e-12
a0.125000_43+3_41+1,43+3,0.125,0.16543729483964664,41+1,0.12493821549716883,-1.3452252285297217e-11,2.0000000845296464,1.8399970435867702e-14,0.9999999999998835,2.7154106139134865e-14,2615.5681135587497,1.1755674912003519e-12,2.206276536918613e-11,2.9641263327187573e-16,True,"ok; adaptive N=400, reference N=600",400,"[{""candidate_N"": 400, ""candidate_mode_converged"": true, ""gamma_limit"": 0.001, ""gamma_metric"": 9.195876621018814e-05, ""passed"": true, ""r99_relative"": 1.333239830340905e-09, ""real_relative"": 1.732804402083105e-14, ""reference_N"": 600, ""reference_mode_converged"": true}]",5.465213224851324e-10,1.1958609867083556e-13
a0.125000_43+3_43+1,43+3,0.125,0.16543729483964664,43+1,0.12493877895723587,1.018626492055476e-21,12.00000019543754,-3.250991546371516e-24,1.0000000000075948,-1.6639759756021778e-15,2220.449394980354,5.431961750421478e-12,7.041507943404549e-13,6.518020866344198e-16,True,"ok; adaptive N=400, reference N=600",400,"[{""candidate_N"": 400, ""candidate_mode_converged"": true, ""gamma_limit"": 1e-15, ""gamma_metric"": 0.0, ""passed"": true, ""r99_relative"": 6.043085934746902e-11, ""real_relative"": 0.0, ""reference_N"": 600, ""reference_mode_converged"": true}]",8.318487858414047e-12,7.594813849139112e-12
a0.125000_43+3_43+3,43+3,0.125,0.16543729483964664,43+3,0.12493877990648387,1.2773066061794326e-21,12.000000046532026,-9.706144262613632e-25,0.9999999999918832,-1.1714851827652308e-16,2220.484181903055,9.766409918006986e-12,4.313895549226236e-13,5.463956816712303e-16,True,"ok; adaptive N=400, reference N=600",400,"[{""candidate_N"": 400, ""candidate_mode_converged"": true, ""gamma_limit"": 1e-15, ""gamma_metric"": 3.5377934845399714e-24, ""passed"": true, ""r99_relative"": 3.229599576625515e-11, ""real_relative"": 0.0, ""reference_N"": 600, ""reference_mode_converged"": true}]",7.046140874623174e-12,8.11684053387991e-12
a0.150000_21+1_21+1,21+1,0.15,0.5491343012133714,21+1,0.14956803799874233,9.119884335728032e-20,2.000007804188893,-1.6452976920312694e-21,0.9999999999997392,-3.2576513328372954e-15,504.5756296021921,1.4023309736216045e-13,1.8390711710741158e-13,1.2467271575743556e-15,True,"ok; adaptive N=400, reference N=600",400,"[{""candidate_N"": 400, ""candidate_mode_converged"": true, ""gamma_limit"": 1e-15, ""gamma_metric"": 6.001797644321186e-22, ""passed"": true, ""r99_relative"": 3.0291930796679926e-11, ""real_relative"": 0.0, ""reference_N"": 600, ""reference_mode_converged"": true}]",1.1963990365157902e-10,2.6081173401488913e-13
a0.150000_21+1_21-1,21+1,0.15,0.5491343012133714,21-1,0.14956683292815431,-4.083770222423789e-09,2.0000078259292113,7.367378034459531e-11,1.0000000000006435,-2.05724724308792e-15,503.31685818810007,8.525963482323798e-14,7.37200070622308e-13,1.1589387912585393e-15,True,"ok; adaptive N=400, reference N=600",400,"[{""candidate_N"": 400, ""candidate_mode_converged"": true, ""gamma_limit"": 0.001, ""gamma_metric"": 2.7902040167201e-07, ""passed"": true, ""r99_relative"": 8.092501528883034e-10, ""real_relative"": 2.0041891024915837e-14, ""reference_N"": 600, ""reference_mode_converged"": true}]",3.473620325900561e-11,6.434885536137799e-13
a0.150000_32+2_30+0,32+2,0.15,0.2930448793705011,30+0,0.14979560075217674,-8.807995910751757e-06,1.7540905814477453e-06,7.553582468857593e-08,0.9999999999990672,1.4517532073948618e-12,1048.3391006115264,7.52940781149313e-14,3.5816256718563763e-12,2.2539297504872847e-21,True,"ok; adaptive N=400, reference N=600",400,"[{""candidate_N"": 400, ""candidate_mode_converged"": true, ""gamma_limit"": 0.001, ""gamma_metric"": 1.498188902957493e-06, ""passed"": true, ""r99_relative"": 2.800639014118011e-07, ""real_relative"": 3.351371099934546e-11, ""reference_N"": 600, ""reference_mode_converged"": true}]",2.042896265146564e-10,1.7256073494472843e-12
a0.150000_32+2_32+0,32+2,0.15,0.2930448793705011,32+0,0.14981085291351648,-4.0610136710686203e-16,6.000002550872259,5.4733027349823985e-18,0.9999999999996556,-1.5812220703992258e-15,962.9008265596835,2.882549511373457e-12,6.7790982964726e-13,4.447005643541974e-16,True,"ok; adaptive N=400, reference N=600",400,"[{""candidate_N"": 400, ""candidate_mode_converged"": true, ""gamma_limit"": 1e-15, ""gamma_metric"": 5.261487081897152e-19, ""passed"": true, ""r99_relative"": 2.544143714121664e-11, ""real_relative"": 0.0, ""reference_N"": 600, ""reference_mode_converged"": true}]",1.2112022284793369e-11,3.4439481219527917e-13
a0.150000_32+2_32+2,32+2,0.15,0.2930448793705011,32+2,0.14981088703024417,3.920473124379128e-21,6.000000695566923,-1.4410598841629758e-23,0.99999999999913,8.972712495198009e-16,963.0692810345683,4.042674562292917e-12,3.8883267500806834e-13,1.4180777104061734e-15,True,"ok; adaptive N=400, reference N=600",400,"[{""candidate_N"": 400, ""candidate_mode_converged"": true, ""gamma_limit"": 1e-15, ""gamma_metric"": 6.856054606818464e-21, ""passed"": true, ""r99_relative"": 6.257284211784229e-12, ""real_relative"": 0.0, ""reference_N"": 600, ""reference_mode_converged"": true}]",9.838338711096852e-12,8.699712248103753e-13
a0.150000_43+3_41+1,43+3,0.15,0.19788272838955467,41+1,0.14989264408852862,-1.0078935503418058e-10,2.0000002521375566,2.3663050603293073e-13,0.9999999999995025,-2.669140048273275e-14,1807.189035201135,1.3647251071225206e-12,3.079175754742602e-11,2.0078921017629956e-15,True,"ok; adaptive N=400, reference N=600",400,"[{""candidate_N"": 400, ""candidate_mode_converged"": true, ""gamma_limit"": 0.001, ""gamma_metric"": 1.4073917901412184e-05, ""passed"": true, ""r99_relative"": 6.741528212760021e-10, ""real_relative"": 1.2961878849415061e-14, ""reference_N"": 600, ""reference_mode_converged"": true}]",3.3891171199432717e-10,4.982064467564842e-13
a0.150000_43+3_43+1,43+3,0.15,0.19788272838955467,43+1,0.14989406794380994,-1.6143203565445905e-22,12.000000580520878,8.84355189719588e-25,0.9999999999972842,-1.7583012711520394e-15,1539.826318733361,1.0740759963291945e-11,5.08862341455677e-13,8.237223487676573e-16,True,"ok; adaptive N=400, reference N=600",400,"[{""candidate_N"": 400, ""candidate_mode_converged"": true, ""gamma_limit"": 1e-15, ""gamma_metric"": 0.0, ""passed"": true, ""r99_relative"": 4.313204014585702e-12, ""real_relative"": 0.0, ""reference_N"": 600, ""reference_mode_converged"": true}]",8.312015872686842e-12,2.7158281320242387e-12
a0.150000_43+3_43+3,43+3,0.15,0.19788272838955467,43+3,0.14989407135020338,-2.6410313420160302e-21,12.000000138214812,3.444778223346509e-24,0.9999999999975172,7.879053167944408e-16,1539.8770709711612,1.84465458263401e-11,7.998950352525773e-13,1.3451388714977349e-15,True,"ok; adaptive N=400, reference N=600",400,"[{""candidate_N"": 400, ""candidate_mode_converged"": true, ""gamma_limit"": 1e-15, ""gamma_metric"": 5.091270783456467e-21, ""passed"": true, ""r99_relative"": 4.724139029817815e-12, ""real_relative"": 0.0, ""reference_N"": 600, ""reference_mode_converged"": true}]",8.324397548136894e-12,2.482791874988739e-12
a0.175000_21+1_21+1,21+1,0.175,0.6216782805117498,21+1,0.17430824855759772,-2.5390080303067676e-19,2.0000186775269877,6.841818363223042e-21,1.0000000000011333,4.303243583056894e-15,367.802048688647,1.0403921627706094e-13,2.0979120738998738e-13,1.231915277653125e-15,True,"ok; adaptive N=400, reference N=600",400,"[{""candidate_N"": 400, ""candidate_mode_converged"": true, ""gamma_limit"": 1e-15, ""gamma_metric"": 1.405011257910135e-18, ""passed"": true, ""r99_relative"": 1.3543139567057113e-10, ""real_relative"": 0.0, ""reference_N"": 600, ""reference_mode_converged"": true}]",9.660462894817742e-10,1.1333238332994067e-12
a0.175000_21+1_21-1,21+1,0.175,0.6216782805117498,21-1,0.174304596608655,-2.7811918722349153e-08,2.000018775934355,7.494269534373196e-10,0.9999999999988498,1.6843612328911162e-15,366.057042514186,4.640161160066796e-14,1.5897697202606596e-12,9.755570559851346e-16,True,"ok; adaptive N=400, reference N=600",400,"[{""candidate_N"": 400, ""candidate_mode_converged"": true, ""gamma_limit"": 0.001, ""gamma_metric"": 4.2288275286610425e-08, ""passed"": true, ""r99_relative"": 3.6221752722209483e-10, ""real_relative"": 1.28981201219468e-14, ""reference_N"": 600, ""reference_mode_converged"": true}]",1.0178738819588717e-11,1.1501922868160045e-12
a0.175000_32+2_30+0,32+2,0.175,0.33904986037164353,30+0,0.1746686437383838,-2.410346916202332e-05,4.43976187800792e-06,3.2264866219710744e-07,0.999999999999183,1.0325005053477107e-12,753.9535784851577,2.1769658921830588e-13,8.005215543350066e-12,2.1085987245489076e-20,True,"ok; adaptive N=400, reference N=600",400,"[{""candidate_N"": 400, ""candidate_mode_converged"": true, ""gamma_limit"": 0.001, ""gamma_metric"": 1.8786656604204593e-07, ""passed"": true, ""r99_relative"": 4.277202796432861e-07, ""real_relative"": 5.580396593243942e-12, ""reference_N"": 600, ""reference_mode_converged"": true}]",1.9112743658064153e-10,1.3166501957771826e-12
a0.175000_32+2_32+0,32+2,0.175,0.33904986037164353,32+0,0.17469867287988264,-4.295863218151226e-15,6.000006345017687,9.03796760530812e-17,1.0000000000012175,2.518612398796055e-15,705.1453180356325,4.0161051178264057e-13,5.772672617509678e-13,3.2590135753614667e-16,True,"ok; adaptive N=400, reference N=600",400,"[{""candidate_N"": 400, ""candidate_mode_converged"": true, ""gamma_limit"": 1e-15, ""gamma_metric"": 2.365661264910131e-20, ""passed"": true, ""r99_relative"": 3.242825116283153e-11, ""real_relative"": 0.0, ""reference_N"": 600, ""reference_mode_converged"": true}]",1.3838470678531817e-11,1.2174731739599935e-12
a0.175000_32+2_32+2,32+2,0.175,0.33904986037164353,32+2,0.1746987736748903,5.5026152625967135e-21,6.000001729880337,-3.157315321460178e-23,0.9999999999995496,-5.725712486468355e-16,705.375170231738,5.431237337416142e-13,9.907530164342425e-14,1.7407032491348196e-15,True,"ok; adaptive N=400, reference N=600",400,"[{""candidate_N"": 400, ""candidate_mode_converged"": true, ""gamma_limit"": 1e-15, ""gamma_metric"": 1.4226072715343226e-20, ""passed"": true, ""r99_relative"": 3.0403032191931214e-11, ""real_relative"": 0.0, ""reference_N"": 600, ""reference_mode_converged"": true}]",2.1206697328209625e-11,4.504178450169121e-13
a0.175000_43+3_41+1,43+3,0.175,0.22998438294690704,41+1,0.17482838004430928,-5.833471404027384e-10,2.0000006351107746,2.157722685592545e-12,1.0000000000025466,1.458197618578406e-14,1319.676369303323,5.860041261326358e-13,1.6796051337878947e-11,4.606482582266182e-16,True,"ok; adaptive N=400, reference N=600",400,"[{""candidate_N"": 400, ""candidate_mode_converged"": true, ""gamma_limit"": 0.001, ""gamma_metric"": 2.200791648406155e-06, ""passed"": true, ""r99_relative"": 3.33874681444064e-10, ""real_relative"": 7.93794909287445e-15, ""reference_N"": 600, ""reference_mode_converged"": true}]",1.1430155393460288e-09,2.5466713216699397e-12
a0.175000_43+3_43+1,43+3,0.175,0.22998438294690704,43+1,0.17483151618347145,6.992358698224744e-21,12.000001454857987,-6.034994797163369e-23,0.9999999999999912,2.0085663718558423e-15,1129.4004504119894,1.757574837113063e-11,1.1213657641053943e-12,8.167529142046003e-16,True,"ok; adaptive N=400, reference N=600",400,"[{""candidate_N"": 400, ""candidate_mode_converged"": true, ""gamma_limit"": 1e-15, ""gamma_metric"": 0.0, ""passed"": true, ""r99_relative"": 2.703941809549557e-11, ""real_relative"": 0.0, ""reference_N"": 600, ""reference_mode_converged"": true}]",8.38768799102955e-12,8.997811016066234e-15
a0.175000_43+3_43+3,43+3,0.175,0.22998438294690704,43+3,0.17483152622260806,2.5389086718708864e-21,12.000000346374113,-5.2173621396428394e-24,1.000000000004688,4.586776515430732e-16,1129.4694932464442,1.7832846592963132e-11,7.855361899048169e-13,3.339919101445409e-15,True,"ok; adaptive N=400, reference N=600",400,"[{""candidate_N"": 400, ""candidate_mode_converged"": true, ""gamma_limit"": 1e-15, ""gamma_metric"": 8.330100299436113e-21, ""passed"": true, ""r99_relative"": 1.8260038653943814e-11, ""real_relative"": 0.0, ""reference_N"": 600, ""reference_mode_converged"": true}]",9.931393588287867e-12,4.688027766220746e-12
a0.200000_21+1_21+1,21+1,0.2,0.6870453082262964,21+1,0.19895734610440102,-2.988317489696441e-20,2.000039270410351,1.1225703451472646e-21,0.9999999999998793,1.2164197156547015e-15,279.050964981982,5.0296117010515184e-14,2.0451476927817247e-13,6.556212660407497e-16,True,"ok; adaptive N=400, reference N=600",400,"[{""candidate_N"": 400, ""candidate_mode_converged"": true, ""gamma_limit"": 1e-15, ""gamma_metric"": 2.554152964190578e-19, ""passed"": true, ""r99_relative"": 2.236807788268133e-10, ""real_relative"": 0.0, ""reference_N"": 600, ""reference_mode_converged"": true}]",9.157529410749585e-10,1.2068737313847955e-13
a0.200000_21+1_21-1,21+1,0.2,0.6870453082262964,21-1,0.1989476606631685,-1.560882710901169e-07,2.000039634237956,5.863216358291434e-09,0.9999999999997063,3.2707202820934374e-13,276.73127756549513,2.1032760387367833e-14,1.1852592096015073e-12,1.084086716050367e-15,True,"ok; adaptive N=400, reference N=600",400,"[{""candidate_N"": 400, ""candidate_mode_converged"": true, ""gamma_limit"": 0.001, ""gamma_metric"": 7.880514599313153e-09, ""passed"": true, ""r99_relative"": 1.9444044563301278e-10, ""real_relative"": 8.510228805453824e-15, ""reference_N"": 600, ""reference_mode_converged"": true}]",4.816375510952749e-12,4.3955520414134184e-13
a0.200000_32+2_30+0,32+2,0.2,0.38381417168437565,30+0,0.19949830491431228,-5.450248283961185e-05,9.841956000761567e-06,1.067837358047776e-06,0.9999999999989998,4.404871541303923e-12,566.4578497762564,1.1383578384311503e-13,3.378941544162405e-12,9.038859971220526e-21,True,"ok; adaptive N=400, reference N=600",400,"[{""candidate_N"": 400, ""candidate_mode_converged"": true, ""gamma_limit"": 0.001, ""gamma_metric"": 2.4362203304189968e-08, ""passed"": true, ""r99_relative"": 1.2594539244996336e-07, ""real_relative"": 1.0291214901138075e-12, ""reference_N"": 600, ""reference_mode_converged"": true}]",4.909657878799109e-11,4.517000462821314e-12
a0.200000_32+2_32+0,32+2,0.2,0.38381417168437565,32+0,0.19954851271533072,-3.467948981121427e-14,6.000013919725425,1.067989642426923e-15,0.9999999999991439,-1.2228033057494868e-15,537.834759833337,7.777371810678387e-13,1.0251206627189298e-12,5.002881106344509e-16,True,"ok; adaptive N=400, reference N=600",400,"[{""candidate_N"": 400, ""candidate_mode_converged"": true, ""gamma_limit"": 0.001, ""gamma_metric"": 1.390629629788216e-05, ""passed"": true, ""r99_relative"": 5.340272668698973e-12, ""real_relative"": 0.0, ""reference_N"": 600, ""reference_mode_converged"": true}]",1.0037771609909436e-11,8.560938475856391e-13
a0.200000_32+2_32+2,32+2,0.2,0.38381417168437565,32+2,0.19954877071047114,1.4887429868330987e-20,6.0000037941185544,-1.250381212760289e-22,0.9999999999986257,-2.923222930544413e-16,538.1330369393193,6.599183283965028e-13,1.2834223132586374e-13,1.668330112986342e-15,True,"ok; adaptive N=400, reference N=600",400,"[{""candidate_N"": 400, ""candidate_mode_converged"": true, ""gamma_limit"": 1e-15, ""gamma_metric"": 3.1313724966848403e-20, ""passed"": true, ""r99_relative"": 6.441365692477838e-13, ""real_relative"": 0.0, ""reference_N"": 600, ""reference_mode_converged"": true}]",9.975183417488623e-12,1.3743451132718604e-12
a0.200000_43+3_41+1,43+3,0.2,0.2616901964540883,41+1,0.19974178432295542,-2.8079009862200955e-09,2.0000014137316597,1.5363333991465087e-11,1.0000000000004066,6.843549370330517e-14,1003.108436434236,2.5402117939439733e-14,1.0276435828229335e-12,9.58490356155547e-16,True,"ok; adaptive N=400, reference N=600",400,"[{""candidate_N"": 400, ""candidate_mode_converged"": true, ""gamma_limit"": 0.001, ""gamma_metric"": 3.469887580177198e-07, ""passed"": true, ""r99_relative"": 1.0184004166747237e-10, ""real_relative"": 4.029761201851497e-15, ""reference_N"": 600, ""reference_mode_converged"": true}]",1.2904909420069947e-10,4.1228319863621223e-13
a0.200000_43+3_43+1,43+3,0.2,0.2616901964540883,43+1,0.19974803935490143,-1.0072044092731409e-20,12.000003218850084,1.2859137618203983e-22,1.0000000000009293,-3.1616310586856216e-16,863.0125762846592,2.983587865295835e-12,7.939241936311695e-13,9.014601135268557e-16,True,"ok; adaptive N=400, reference N=600",400,"[{""candidate_N"": 400, ""candidate_mode_converged"": true, ""gamma_limit"": 1e-15, ""gamma_metric"": 0.0, ""passed"": true, ""r99_relative"": 5.690187015000692e-12, ""real_relative"": 0.0, ""reference_N"": 600, ""reference_mode_converged"": true}]",9.1281965652675e-12,9.292567253956998e-13
a0.200000_43+3_43+3,43+3,0.2,0.2616901964540883,43+3,0.19974806497299463,-5.836872248150068e-21,12.000000766314946,1.7742920545226948e-23,0.9999999999996482,-2.555362900222008e-15,863.1018570710312,6.170173419342097e-12,3.180465081405346e-13,2.170565832938569e-15,True,"ok; adaptive N=400, reference N=600",400,"[{""candidate_N"": 400, ""candidate_mode_converged"": true, ""gamma_limit"": 1e-15, ""gamma_metric"": 7.750665034191505e-23, ""passed"": true, ""r99_relative"": 1.0012876547763385e-11, ""real_relative"": 0.0, ""reference_N"": 600, ""reference_mode_converged"": true}]",5.956043880045594e-12,3.518389562687147e-13
a0.225000_21+1_21+1,21+1,0.22499999999999998,0.7451164771597604,21+1,0.22349904613622995,1.3292313456304485e-20,2.0000747486729873,-6.597465895963369e-22,1.0000000000005995,-1.4475280504345222e-15,218.2246252287087,1.9154754857154107e-14,4.840375885453776e-13,4.106329130074584e-16,True,"ok; adaptive N=400, reference N=600",400,"[{""candidate_N"": 400, ""candidate_mode_converged"": true, ""gamma_limit"": 1e-15, ""gamma_metric"": 2.1509446697804096e-20, ""passed"": true, ""r99_relative"": 4.1600415367640046e-11, ""real_relative"": 0.0, ""reference_N"": 600, ""reference_mode_converged"": true}]",3.107424277038038e-09,5.99522180806332e-13
a0.225000_21+1_21-1,21+1,0.22499999999999998,0.7451164771597604,21-1,0.22347573061791234,-7.547204814437504e-07,2.000075905847786,3.745564607727616e-08,0.9999999999997551,4.050109573109121e-13,215.19962974083896,7.842635528837755e-15,9.84911048803521e-13,6.087325422213667e-16,True,"ok; adaptive N=400, reference N=600",400,"[{""candidate_N"": 400, ""candidate_mode_converged"": true, ""gamma_limit"": 0.001, ""gamma_metric"": 1.825322037309577e-09, ""passed"": true, ""r99_relative"": 1.0150807216114356e-10, ""real_relative"": 5.961576345970313e-15, ""reference_N"": 600, ""reference_mode_converged"": true}]",7.189466106818654e-12,4.733046908249519e-13
a0.225000_32+2_30+0,32+2,0.22499999999999998,0.42720644409330955,30+0,0.22428081338679337,-0.00010656137922854131,1.9657484937221975e-05,2.9078634584492933e-06,1.0000000000011848,-2.2507858207440612e-13,440.54492043866804,9.650641979819565e-15,5.157792664767287e-13,3.609970712819425e-20,True,"ok; adaptive N=400, reference N=600",400,"[{""candidate_N"": 400, ""candidate_mode_converged"": true, ""gamma_limit"": 0.001, ""gamma_metric"": 3.425895767265633e-09, ""passed"": true, ""r99_relative"": 2.714482314733517e-08, ""real_relative"": 3.09507949282094e-13, ""reference_N"": 600, ""reference_mode_converged"": true}]",4.667478230175336e-11,1.2060192888839333e-12
a0.225000_32+2_32+0,32+2,0.22499999999999998,0.42720644409330955,32+0,0.22435438109169265,-2.282929237014268e-13,6.000027734136423,9.79279971101007e-15,1.0000000000000249,-2.0269259953275736e-15,423.10840922429617,1.310787436419289e-13,5.159769341101083e-13,7.782259040146056e-16,True,"ok; adaptive N=400, reference N=600",400,"[{""candidate_N"": 400, ""candidate_mode_converged"": true, ""gamma_limit"": 0.001, ""gamma_metric"": 9.034935857766541e-07, ""passed"": true, ""r99_relative"": 4.399345978143957e-11, ""real_relative"": 0.0, ""reference_N"": 600, ""reference_mode_converged"": true}]",1.143618713155335e-11,2.4951460451921606e-14
a0.225000_32+2_32+2,32+2,0.22499999999999998,0.42720644409330955,32+2,0.22435497311504574,4.706671644412561e-20,6.000007556916206,-5.506257567852171e-22,1.0000000000006009,-1.272947272224937e-15,423.4882562451459,2.9057546212915466e-13,9.743216886393257e-14,3.996904187395201e-16,True,"ok; adaptive N=400, reference N=600",400,"[{""candidate_N"": 400, ""candidate_mode_converged"": true, ""gamma_limit"": 1e-15, ""gamma_metric"": 7.831195822984332e-20, ""passed"": true, ""r99_relative"": 4.1071750620226714e-11, ""real_relative"": 0.0, ""reference_N"": 600, ""reference_mode_converged"": true}]",1.5035717615956902e-11,6.008540493382654e-13
a0.225000_43+3_41+1,43+3,0.22499999999999998,0.29295040433420133,41+1,0.22462891849918667,-1.1784443943388388e-08,2.0000028637928295,9.087044850965951e-11,0.9999999999998148,5.13896056052505e-14,785.8889852962845,3.87909518159265e-13,2.2249224989598972e-11,6.055059606675187e-16,True,"ok; adaptive N=400, reference N=600",400,"[{""candidate_N"": 400, ""candidate_mode_converged"": true, ""gamma_limit"": 0.001, ""gamma_metric"": 5.479993382927948e-08, ""passed"": true, ""r99_relative"": 4.133953805803882e-11, ""real_relative"": 1.7298665782438474e-15, ""reference_N"": 600, ""reference_mode_converged"": true}]",3.5034372670533366e-11,1.9218337610536798e-13
a0.225000_43+3_43+1,43+3,0.22499999999999998,0.29295040433420133,43+1,0.22464050062243213,6.7749420686923e-21,12.000006473789421,-1.2190419742692143e-22,1.0000000000019806,-8.009509999437127e-17,680.3837258575861,5.758001757099725e-12,7.279073323668154e-13,1.225129193537982e-15,True,"ok; adaptive N=400, reference N=600",400,"[{""candidate_N"": 400, ""candidate_mode_converged"": true, ""gamma_limit"": 1e-15, ""gamma_metric"": 0.0, ""passed"": true, ""r99_relative"": 6.158685614485454e-12, ""real_relative"": 0.0, ""reference_N"": 600, ""reference_mode_converged"": true}]",1.001088512808136e-11,1.980637877550764e-12
a0.225000_43+3_43+3,43+3,0.22499999999999998,0.29295040433420133,43+3,0.22464055919038659,-1.2621686683089629e-21,12.000001541127272,5.407308505660645e-24,1.0000000000014653,-5.216211940319504e-19,680.4972650925578,8.096637436441992e-12,3.9895316658928695e-13,3.469849845817852e-15,True,"ok; adaptive N=400, reference N=600",400,"[{""candidate_N"": 400, ""candidate_mode_converged"": true, ""gamma_limit"": 1e-15, ""gamma_metric"": 4.51300411025679e-22, ""passed"": true, ""r99_relative"": 2.2335502084091244e-11, ""real_relative"": 0.0, ""reference_N"": 600, ""reference_mode_converged"": true}]",7.515801507382543e-12,1.4652723479003745e-12
a0.250000_21+1_21+1,21+1,0.25,0.7959734945938708,21+1,0.24791561944249552,3.775141534061832e-19,2.0001315083850564,-2.37181754447082e-20,0.9999999999995126,-2.2480241948043363e-15,174.7267776506909,1.4744455144937936e-14,4.683914797344378e-13,4.893064621919506e-16,True,"ok; adaptive N=400, reference N=600",400,"[{""candidate_N"": 400, ""candidate_mode_converged"": true, ""gamma_limit"": 1e-15, ""gamma_metric"": 6.580491985745493e-19, ""passed"": true, ""r99_relative"": 4.960755782013951e-12, ""real_relative"": 5.59778679496773e-16, ""reference_N"": 600, ""reference_mode_converged"": true}]",6.745519848114959e-10,4.873930921675255e-13
a0.250000_21+1_21-1,21+1,0.25,0.7959734945938708,21-1,0.24786340662988413,-3.2344510769691256e-06,2.0001347884270606,2.0316871069844123e-07,1.0000000000001135,-7.720313095616721e-13,170.84682227337012,6.2803698347351005e-15,1.3583987396196215e-12,1.888198395694498e-16,True,"ok; adaptive N=400, reference N=600",400,"[{""candidate_N"": 400, ""candidate_mode_converged"": true, ""gamma_limit"": 0.001, ""gamma_metric"": 5.292689939533823e-10, ""passed"": true, ""r99_relative"": 5.995936046130874e-11, ""real_relative"": 4.479172781978925e-15, ""reference_N"": 600, ""reference_mode_converged"": true}]",9.64824403677112e-12,7.803246774391567e-13
a0.250000_32+2_30+0,32+2,0.25,0.4691111948076628,30+0,0.24901364793448275,-0.00018693317284103304,3.610800857698338e-05,6.829134734353612e-06,0.9999999999993407,3.1074773830519486e-13,352.2581126059795,3.145351062979321e-14,8.587599829636037e-13,7.230547721222576e-20,True,"ok; adaptive N=400, reference N=600",400,"[{""candidate_N"": 400, ""candidate_mode_converged"": true, ""gamma_limit"": 0.001, ""gamma_metric"": 5.272264803531399e-10, ""passed"": true, ""r99_relative"": 5.099629586391972e-09, ""real_relative"": 1.2372289305785466e-13, ""reference_N"": 600, ""reference_mode_converged"": true}]",4.6358026063021967e-11,7.288177337191642e-13
a0.250000_32+2_32+0,32+2,0.25,0.4691111948076628,32+0,0.24911003365390982,-1.2821018402748563e-12,6.000051203033578,7.363263957789327e-14,1.0000000000008185,-1.9263765222740527e-15,341.02474456694495,2.648072360421205e-13,8.586648079672403e-13,9.683195452362015e-16,True,"ok; adaptive N=400, reference N=600",400,"[{""candidate_N"": 400, ""candidate_mode_converged"": true, ""gamma_limit"": 0.001, ""gamma_metric"": 8.675212969738937e-08, ""passed"": true, ""r99_relative"": 2.5557847037279558e-11, ""real_relative"": 0.0, ""reference_N"": 600, ""reference_mode_converged"": true}]",2.996743286862769e-11,8.184586807780932e-13
a0.250000_32+2_32+2,32+2,0.25,0.4691111948076628,32+2,0.24911128042320868,1.6466166434773167e-19,6.000013944890539,-2.5791006500900378e-21,1.0000000000009617,-2.871896699046973e-16,341.49446980459555,4.057496338324353e-14,9.748028287312786e-14,8.279324995002211e-16,True,"ok; adaptive N=400, reference N=600",400,"[{""candidate_N"": 400, ""candidate_mode_converged"": true, ""gamma_limit"": 1e-15, ""gamma_metric"": 5.533590937702383e-21, ""passed"": true, ""r99_relative"": 2.586176082689692e-11, ""real_relative"": 0.0, ""reference_N"": 600, ""reference_mode_converged"": true}]",2.22962300542376e-11,9.616752268127236e-13
a0.250000_43+3_41+1,43+3,0.25,0.32371778693968384,41+1,0.2494854432119698,-4.452343550126972e-08,2.000005386653018,4.6561446162502177e-10,1.0000000000014768,-2.1690897455030813e-14,630.3200570508183,9.74540591929452e-14,5.827448416830347e-12,5.367518587432218e-16,True,"ok; adaptive N=400, reference N=600",400,"[{""candidate_N"": 400, ""candidate_mode_converged"": true, ""gamma_limit"": 0.001, ""gamma_metric"": 8.60175700084999e-09, ""passed"": true, ""r99_relative"": 8.388173123687501e-12, ""real_relative"": 6.675076972418062e-16, ""reference_N"": 600, ""reference_mode_converged"": true}]",1.1778618841943915e-11,1.4769779521999265e-12
a0.250000_43+3_43+1,43+3,0.25,0.32371778693968384,43+1,0.2495057021189339,-1.1702672471207055e-19,12.000012074499512,2.855850661227123e-21,0.9999999999986287,-4.326537751893978e-16,549.7439357006946,1.098305780704471e-13,1.2373204942214935e-12,8.610959150571145e-16,True,"ok; adaptive N=400, reference N=600",400,"[{""candidate_N"": 400, ""candidate_mode_converged"": true, ""gamma_limit"": 1e-15, ""gamma_metric"": 0.0, ""passed"": true, ""r99_relative"": 3.5515766964293976e-12, ""real_relative"": 0.0, ""reference_N"": 600, ""reference_mode_converged"": true}]",8.392800053298071e-12,1.3713475482671223e-12
a0.250000_43+3_43+3,43+3,0.25,0.32371778693968384,43+3,0.24950582490632753,4.107236657453251e-20,12.000002874166512,-2.3864416849544623e-22,0.9999999999991718,3.7438161000439394e-16,549.8840139662234,2.6358705751269808e-12,1.6603224820786444e-13,1.2484679815176867e-15,True,"ok; adaptive N=400, reference N=600",400,"[{""candidate_N"": 400, ""candidate_mode_converged"": true, ""gamma_limit"": 1e-15, ""gamma_metric"": 7.923451518635186e-20, ""passed"": true, ""r99_relative"": 6.082288253533414e-12, ""real_relative"": 0.0, ""reference_N"": 600, ""reference_mode_converged"": true}]",9.203454869011388e-12,8.282264609858697e-13
a0.275000_21+1_21+1,21+1,0.275,0.839861984452313,21+1,0.27218757483346534,-3.1180561296674623e-19,2.0002170962243833,2.3944540824823878e-20,0.999999999999811,5.478609013161052e-16,142.55082855446997,4.429893302519302e-14,4.515487429624653e-13,2.0762442741647413e-16,True,"ok; adaptive N=400, reference N=600",400,"[{""candidate_N"": 400, ""candidate_mode_converged"": true, ""gamma_limit"": 1e-15, ""gamma_metric"": 7.088470112900459e-19, ""passed"": true, ""r99_relative"": 6.617404792150341e-12, ""real_relative"": 0.0, ""reference_N"": 600, ""reference_mode_converged"": true}]",1.3058438606788902e-09,1.8896075300955968e-13
a0.275000_21+1_21-1,21+1,0.275,0.839861984452313,21-1,0.2720772171127697,-1.2477696561685896e-05,2.000225569239207,9.578114931390979e-07,1.0000000000003857,3.5578036251414282e-12,137.65308692601934,2.4316374332944033e-15,1.5453070437218618e-12,3.2518421462359134e-16,True,"ok; adaptive N=400, reference N=600",400,"[{""candidate_N"": 400, ""candidate_mode_converged"": true, ""gamma_limit"": 0.001, ""gamma_metric"": 1.9144835693742913e-10, ""passed"": true, ""r99_relative"": 3.2781378636423144e-11, ""real_relative"": 3.0604079139920913e-15, ""reference_N"": 600, ""reference_mode_converged"": true}]",1.5061751651721598e-11,3.578648425293205e-12
a0.275000_32+2_30+0,32+2,0.275,0.5094294595450874,30+0,0.273695380383789,-0.00030227321326622714,6.193185666776269e-05,1.4313202322956403e-05,1.0000000000012623,-6.4383914866184e-13,288.1484992612452,1.2875370865636047e-13,2.1844528738635282e-12,2.410816357304784e-19,True,"ok; adaptive N=400, reference N=600",400,"[{""candidate_N"": 400, ""candidate_mode_converged"": true, ""gamma_limit"": 0.001, ""gamma_metric"": 8.739110335307338e-11, ""passed"": true, ""r99_relative"": 1.0640204409254783e-09, ""real_relative"": 5.090805310453927e-14, ""reference_N"": 600, ""reference_mode_converged"": true}]",5.269075104445087e-11,1.4170355208836335e-12
a0.275000_32+2_32+0,32+2,0.275,0.5094294595450874,32+0,0.27380892222547626,-6.343813225640949e-12,6.000088859571377,4.722504027347231e-13,1.0000000000010976,-1.023228919703752e-15,280.27448246884035,3.8617820158551843e-13,1.1229805289312898e-12,8.965940943032858e-16,True,"ok; adaptive N=400, reference N=600",400,"[{""candidate_N"": 400, ""candidate_mode_converged"": true, ""gamma_limit"": 0.001, ""gamma_metric"": 3.768503553438936e-08, ""passed"": true, ""r99_relative"": 3.425538495017233e-11, ""real_relative"": 0.0, ""reference_N"": 600, ""reference_mode_converged"": true}]",1.8694180110822626e-11,1.0975669591074253e-12
a0.275000_32+2_32+2,32+2,0.275,0.5094294595450874,32+2,0.27381137257984556,-1.3309828863392398e-19,6.000024184544862,2.7022281922854944e-21,1.0000000000002964,-4.055441044280222e-16,280.84207787094823,3.753177907943229e-13,2.0103420274931e-13,1.25572798477963e-15,True,"ok; adaptive N=400, reference N=600",400,"[{""candidate_N"": 400, ""candidate_mode_converged"": true, ""gamma_limit"": 1e-15, ""gamma_metric"": 1.109975440558771e-18, ""passed"": true, ""r99_relative"": 1.7237693880835838e-11, ""real_relative"": 0.0, ""reference_N"": 600, ""reference_mode_converged"": true}]",2.3188690793421016e-11,2.964298249864384e-13
a0.275000_43+3_41+1,43+3,0.275,0.35394788809371,41+1,0.2743064695899532,-1.5485808609788846e-07,2.000009545273914,2.1286665352646025e-09,1.0000000000005478,-5.3893520954634744e-14,514.992835475707,7.033593641849997e-14,4.348719483419955e-12,2.6213056630228445e-16,True,"ok; adaptive N=400, reference N=600",400,"[{""candidate_N"": 400, ""candidate_mode_converged"": true, ""gamma_limit"": 0.001, ""gamma_metric"": 1.3476849917057105e-09, ""passed"": true, ""r99_relative"": 9.442783504501962e-11, ""real_relative"": 2.0236909218451398e-16, ""reference_N"": 600, ""reference_mode_converged"": true}]",7.582066851658132e-12,5.504288023560498e-13
a0.275000_43+3_43+1,43+3,0.275,0.35394788809371,43+1,0.27434037597079797,-1.6851836512373296e-18,12.000021184756564,5.405707086666622e-20,1.0000000000016591,5.442335300948069e-16,453.0820738681763,4.4341991199990455e-12,7.193104209665352e-13,8.984276931530365e-16,True,"ok; adaptive N=400, reference N=600",400,"[{""candidate_N"": 400, ""candidate_mode_converged"": true, ""gamma_limit"": 1e-15, ""gamma_metric"": 0.0, ""passed"": true, ""r99_relative"": 1.8953908889697625e-11, ""real_relative"": 0.0, ""reference_N"": 600, ""reference_mode_converged"": true}]",9.196196933850833e-12,1.6591173772611927e-12
a0.275000_43+3_43+3,43+3,0.275,0.35394788809371,43+3,0.2743406159907823,3.5317473199006624e-20,12.000005042153768,-2.697401016030788e-22,1.0000000000002078,9.238208182472636e-16,453.2507598698163,8.739675913745059e-12,4.4688325244566083e-13,2.9960001294868303e-15,True,"ok; adaptive N=400, reference N=600",400,"[{""candidate_N"": 400, ""candidate_mode_converged"": true, ""gamma_limit"": 1e-15, ""gamma_metric"": 4.339535227838825e-22, ""passed"": true, ""r99_relative"": 9.836497290890724e-12, ""real_relative"": 0.0, ""reference_N"": 600, ""reference_mode_converged"": true}]",9.574360738372475e-12,2.0783580339100852e-13
a0.300000_21+1_21+1,21+1,0.3,0.8771530275949109,21+1,0.2962932484797508,9.73130623781759e-19,2.0003401082874266,-8.872987262137045e-20,1.000000000000182,1.1408201795603509e-15,118.08047417324384,4.543430859209149e-14,1.2047563386763501e-12,7.449226728178858e-16,True,"ok; adaptive N=400, reference N=600",400,"[{""candidate_N"": 400, ""candidate_mode_converged"": true, ""gamma_limit"": 1e-15, ""gamma_metric"": 6.231307691405975e-18, ""passed"": true, ""r99_relative"": 7.650579323718539e-13, ""real_relative"": 3.747041251603246e-16, ""reference_N"": 600, ""reference_mode_converged"": true}]",3.7204883516239127e-10,1.820801499686199e-13
a0.300000_21+1_21-1,21+1,0.3,0.8771530275949109,21-1,0.2960725337516903,-4.3398535715105306e-05,2.0003602257657125,3.954104680675088e-06,0.999999999998412,-3.741267598795909e-12,112.0458383724033,4.561859322123159e-16,1.5324371330627987e-12,2.517658637943068e-16,True,"ok; adaptive N=400, reference N=600",400,"[{""candidate_N"": 400, ""candidate_mode_converged"": true, ""gamma_limit"": 0.001, ""gamma_metric"": 8.605489319702644e-11, ""passed"": true, ""r99_relative"": 1.0225219737074752e-11, ""real_relative"": 7.49966915577705e-16, ""reference_N"": 600, ""reference_mode_converged"": true}]",1.6324733879012257e-11,4.0643172581729276e-12
a0.300000_32+2_30+0,32+2,0.3,0.5480790804374219,30+0,0.29832565659582155,-0.00045912671453004854,0.00010033058786839,2.7428795803788673e-05,1.0000000000000586,-1.7064102274212331e-12,240.2459134104346,6.535615116611354e-14,9.805647212998253e-13,2.7228029299804717e-19,True,"ok; adaptive N=400, reference N=600",400,"[{""candidate_N"": 400, ""candidate_mode_converged"": true, ""gamma_limit"": 0.001, ""gamma_metric"": 1.5065070188016344e-11, ""passed"": true, ""r99_relative"": 2.1980688824505986e-10, ""real_relative"": 2.028224978451863e-14, ""reference_N"": 600, ""reference_mode_converged"": true}]",5.05201710994332e-11,1.7074168039324572e-12
a0.300000_32+2_32+0,32+2,0.3,0.5480790804374219,32+0,0.2984441348278812,-2.8322876316399258e-11,6.000146506795781,2.660081540199497e-12,1.000000000000539,6.183595065701986e-16,234.04874242922494,3.2015413407861707e-13,9.803228674952573e-13,5.660068684666166e-16,True,"ok; adaptive N=400, reference N=600",400,"[{""candidate_N"": 400, ""candidate_mode_converged"": true, ""gamma_limit"": 0.001, ""gamma_metric"": 4.9105989412400205e-09, ""passed"": true, ""r99_relative"": 6.39986745864994e-12, ""real_relative"": 0.0, ""reference_N"": 600, ""reference_mode_converged"": true}]",1.1654861561445328e-11,5.389026109190119e-13
a0.300000_32+2_32+2,32+2,0.3,0.5480790804374219,32+2,0.2984486854141257,9.365610124959564e-20,6.000039839470446,-2.398948125042488e-21,0.999999999999382,-5.686082911102981e-16,234.72209926772905,5.866492161653465e-13,3.122003051665699e-13,3.078421629194273e-16,True,"ok; adaptive N=400, reference N=600",400,"[{""candidate_N"": 400, ""candidate_mode_converged"": true, ""gamma_limit"": 1e-15, ""gamma_metric"": 2.619619424027076e-19, ""passed"": true, ""r99_relative"": 5.820271339857629e-12, ""real_relative"": 0.0, ""reference_N"": 600, ""reference_mode_converged"": true}]",3.566882495641485e-11,6.179503971094444e-13
a0.300000_43+3_41+1,43+3,0.3,0.38359920305655254,41+1,0.29908633521442707,-5.0369340946956e-07,2.000016108714676,8.86699828337845e-09,0.9999999999998119,-1.909256802221142e-13,426.98519564180907,1.3424544016956524e-14,8.377072847796605e-13,2.2028701427079132e-16,True,"ok; adaptive N=400, reference N=600",400,"[{""candidate_N"": 400, ""candidate_mode_converged"": true, ""gamma_limit"": 0.001, ""gamma_metric"": 2.0709843963904575e-10, ""passed"": true, ""r99_relative"": 1.641460551136353e-11, ""real_relative"": 0.0, ""reference_N"": 600, ""reference_mode_converged"": true}]",1.3021656235699498e-11,2.679992722758465e-13
a0.300000_43+3_43+1,43+3,0.3,0.38359920305655254,43+1,0.29914117477267405,-1.366226997304055e-17,12.00003533427862,5.612953175335948e-19,0.9999999999979232,-1.6218428534144963e-15,379.55543363347834,4.738670867973237e-12,8.381164294624801e-13,7.071145472693771e-16,True,"ok; adaptive N=400, reference N=600",400,"[{""candidate_N"": 400, ""candidate_mode_converged"": true, ""gamma_limit"": 1e-15, ""gamma_metric"": 0.0, ""passed"": true, ""r99_relative"": 4.151434629010337e-12, ""real_relative"": 0.0, ""reference_N"": 600, ""reference_mode_converged"": true}]",9.17825066117455e-12,2.076783823144618e-12
a0.300000_43+3_43+3,43+3,0.3,0.38359920305655254,43+3,0.2991416176408976,5.848411718726764e-20,12.00000840858384,-5.720803951086465e-22,1.0000000000004376,-1.5655127928415892e-15,379.7549849739071,4.0041744540626055e-12,2.433308405797887e-13,3.4497125266845124e-15,True,"ok; adaptive N=400, reference N=600",400,"[{""candidate_N"": 400, ""candidate_mode_converged"": true, ""gamma_limit"": 1e-15, ""gamma_metric"": 1.8730347110907965e-20, ""passed"": true, ""r99_relative"": 9.720508661862851e-13, ""real_relative"": 0.0, ""reference_N"": 600, ""reference_mode_converged"": true}]",7.316751521836275e-12,4.3765271628773864e-13
a0.325000_21+1_21+1,21+1,0.32499999999999996,0.9083063391388978,21+1,0.3202082556726803,3.223251749972193e-20,2.0005101089225517,-3.4056561355051e-21,1.0000000000001565,-1.7001344546645685e-16,99.03233592389819,2.5993848083325705e-14,1.0291977832616754e-12,7.125631969091909e-16,True,"ok; adaptive N=400, reference N=600",400,"[{""candidate_N"": 400, ""candidate_mode_converged"": true, ""gamma_limit"": 1e-15, ""gamma_metric"": 6.0403421956616715e-19, ""passed"": true, ""r99_relative"": 3.209026032075977e-12, ""real_relative"": 0.0, ""reference_N"": 600, ""reference_mode_converged"": true}]",7.383664741883432e-10,1.56541538794544e-13
a0.325000_21+1_21-1,21+1,0.32499999999999996,0.9083063391388978,21-1,0.3197957861355027,-0.00013416059231678398,2.000553664755261,1.4156875862056943e-05,0.9999999999998546,-4.722518959275699e-12,91.92280419524626,4.440892098500626e-16,2.0140357595695497e-12,6.141844541582472e-16,True,"ok; adaptive N=400, reference N=600",400,"[{""candidate_N"": 400, ""candidate_mode_converged"": true, ""gamma_limit"": 0.001, ""gamma_metric"": 4.8996371684069395e-11, ""passed"": true, ""r99_relative"": 8.140876979431228e-11, ""real_relative"": 4.3395780712176965e-15, ""reference_N"": 600, ""reference_mode_converged"": true}]",1.3021327784356963e-11,4.724757971191205e-12
a0.325000_32+2_30+0,32+2,0.32499999999999996,0.584994669680646,30+0,0.3229051748050775,-0.0006637391174439584,0.00015487262914406884,4.889529164319896e-05,0.9999999999998745,-2.775063165372238e-13,203.58872235189776,8.954869243488645e-14,1.045304194384328e-12,2.771941673725882e-19,True,"ok; adaptive N=400, reference N=600",400,"[{""candidate_N"": 400, ""candidate_mode_converged"": true, ""gamma_limit"": 0.001, ""gamma_metric"": 2.4856610112488848e-12, ""passed"": true, ""r99_relative"": 1.0514562846008711e-10, ""real_relative"": 7.907934452209613e-15, ""reference_N"": 600, ""reference_mode_converged"": true}]",5.310339939738067e-11,3.0454681638851757e-13
a0.325000_32+2_32+0,32+2,0.32499999999999996,0.584994669680646,32+0,0.32300832360788123,-1.1619777011634513e-10,6.000231355743268,1.3456315004461208e-11,0.9999999999995439,2.289091710803562e-16,198.0511969579195,1.444485061989073e-13,7.767417634046817e-13,2.8075566443686863e-16,True,"ok; adaptive N=400, reference N=600",400,"[{""candidate_N"": 400, ""candidate_mode_converged"": true, ""gamma_limit"": 0.001, ""gamma_metric"": 2.274244865131971e-09, ""passed"": true, ""r99_relative"": 1.4893287552649352e-11, ""real_relative"": 0.0, ""reference_N"": 600, ""reference_mode_converged"": true}]",1.7082243187906312e-11,4.560796759614725e-13
a0.325000_32+2_32+2,32+2,0.32499999999999996,0.584994669680646,32+2,0.3230163854498812,3.6107673072313134e-19,6.000062841486736,-1.1403932281886484e-20,1.0000000000000233,-2.176270568355952e-18,198.8383584516149,4.281377096024179e-13,2.433695013669316e-13,3.16995013920303e-16,True,"ok; adaptive N=400, reference N=600",400,"[{""candidate_N"": 400, ""candidate_mode_converged"": true, ""gamma_limit"": 1e-15, ""gamma_metric"": 1.6526345604602934e-18, ""passed"": true, ""r99_relative"": 2.028901420966992e-11, ""real_relative"": 0.0, ""reference_N"": 600, ""reference_mode_converged"": true}]",5.009903041781112e-11,2.3314683618698474e-14
a0.325000_43+3_41+1,43+3,0.32499999999999996,0.4126333348006423,41+1,0.3238182707138666,-1.5478299089060041e-06,2.0000261094900895,3.4135840652727524e-08,0.9999999999999333,2.437971570877296e-13,358.1841922802668,1.0851145140746725e-13,4.9838240891667564e-12,3.975715948303104e-16,True,"ok; adaptive N=400, reference N=600",400,"[{""candidate_N"": 400, ""candidate_mode_converged"": true, ""gamma_limit"": 0.001, ""gamma_metric"": 2.788223931389212e-11, ""passed"": true, ""r99_relative"": 1.7565582044994334e-11, ""real_relative"": 0.0, ""reference_N"": 600, ""reference_mode_converged"": true}]",1.0012751856181556e-11,2.5276312995342465e-13
a0.325000_43+3_43+1,43+3,0.32499999999999996,0.4126333348006423,43+1,0.32390466140474156,-7.135415352374435e-17,12.000056476118242,3.67284127324329e-18,1.0000000000007343,-5.530772563838401e-16,322.34030220369,4.146400904529492e-12,9.317936760187148e-13,8.192355937928596e-16,True,"ok; adaptive N=400, reference N=600",400,"[{""candidate_N"": 400, ""candidate_mode_converged"": true, ""gamma_limit"": 1e-15, ""gamma_metric"": 1.7659967857183824e-19, ""passed"": true, ""r99_relative"": 2.6490694222583783e-12, ""real_relative"": 0.0, ""reference_N"": 600, ""reference_mode_converged"": true}]",7.167360765019073e-12,7.34301716776456e-13
a0.325000_43+3_43+3,43+3,0.32499999999999996,0.4126333348006423,43+3,0.3239054399586606,3.514011748686305e-20,12.000013437133845,-4.306620603417413e-22,1.000000000000533,1.4697700302839832e-15,322.57652744543356,1.9720657066806929e-13,1.4435686347056042e-13,1.3451498378372138e-15,True,"ok; adaptive N=400, reference N=600",400,"[{""candidate_N"": 400, ""candidate_mode_converged"": true, ""gamma_limit"": 1e-15, ""gamma_metric"": 7.418540861423622e-21, ""passed"": true, ""r99_relative"": 9.149178741020115e-13, ""real_relative"": 0.0, ""reference_N"": 600, ""reference_mode_converged"": true}]",7.373701893045299e-12,5.329090786461666e-13
a0.350000_21+1_21+1,21+1,0.35,0.9338374008792171,21+1,0.3439047363851468,3.850805654624904e-18,2.000737612481191,-4.618692557816925e-19,0.9999999999999742,-5.111741308036308e-16,83.90648486222992,2.435380044999438e-14,1.1286303693800845e-12,1.1422336273140388e-15,True,"ok; adaptive N=400, reference N=600",400,"[{""candidate_N"": 400, ""candidate_mode_converged"": true, ""gamma_limit"": 1e-15, ""gamma_metric"": 1.4274335378880294e-18, ""passed"": true, ""r99_relative"": 7.40414684991221e-12, ""real_relative"": 1.291314607987014e-15, ""reference_N"": 600, ""reference_mode_converged"": true}]",2.99361842025789e-10,2.576224602558701e-14
a0.350000_21+1_21-1,21+1,0.35,0.9338374008792171,21-1,0.3432028190572709,-0.00035967789918788694,2.0008217371532706,4.3051228084407926e-05,0.9999999999999898,1.924415488074871e-14,76.10024655478715,1.2560739669470201e-15,1.3763012470887613e-12,2.267412623867847e-16,True,"ok; adaptive N=400, reference N=600",400,"[{""candidate_N"": 400, ""candidate_mode_converged"": true, ""gamma_limit"": 0.001, ""gamma_metric"": 3.784857707013398e-11, ""passed"": true, ""r99_relative"": 2.6289454497821634e-10, ""real_relative"": 1.8600611758172927e-14, ""reference_N"": 600, ""reference_mode_converged"": true}]",4.056968065210395e-11,2.178679305886305e-14
a0.350000_32+2_30+0,32+2,0.35,0.6201272777429633,30+0,0.3474355891665419,-0.0009218338318343197,0.00022936483857486574,8.210522457501423e-05,0.9999999999997714,-3.809196881532362e-13,174.97508261764392,7.973233645578817e-14,1.0690121741372477e-12,9.67468145140579e-19,True,"ok; adaptive N=400, reference N=600",400,"[{""candidate_N"": 400, ""candidate_mode_converged"": true, ""gamma_limit"": 0.001, ""gamma_metric"": 3.0873576174908316e-13, ""passed"": true, ""r99_relative"": 3.324676519075454e-11, ""real_relative"": 3.0357047645119727e-15, ""reference_N"": 600, ""reference_mode_converged"": true}]",5.694665680192748e-11,4.442470558425204e-13
a0.350000_32+2_32+0,32+2,0.35,0.6201272777429633,32+0,0.34749361659107036,-4.4435331686737735e-10,6.000352150624279,6.220877198665615e-11,1.0000000000002007,-3.529696721888397e-16,169.46303011666853,4.673287297079403e-14,1.0686424631802288e-12,7.546604257358053e-16,True,"ok; adaptive N=400, reference N=600",400,"[{""candidate_N"": 400, ""candidate_mode_converged"": true, ""gamma_limit"": 0.001, ""gamma_metric"": 4.685949707095975e-10, ""passed"": true, ""r99_relative"": 5.459500427535778e-12, ""real_relative"": 0.0, ""reference_N"": 600, ""reference_mode_converged"": true}]",2.3617338386695656e-11,2.0072863319082778e-13
a0.350000_32+2_32+2,32+2,0.35,0.6201272777429633,32+2,0.3475073437059239,1.2553536320983284e-19,6.000095514842329,-4.79309233124322e-21,1.0000000000003542,4.91614902795571e-16,170.38162761468138,3.654371749702895e-13,2.9483234981804214e-13,1.5432983163503204e-15,True,"ok; adaptive N=400, reference N=600",400,"[{""candidate_N"": 400, ""candidate_mode_converged"": true, ""gamma_limit"": 1e-15, ""gamma_metric"": 9.204122439302314e-20, ""passed"": true, ""r99_relative"": 4.500922867000652e-12, ""real_relative"": 0.0, ""reference_N"": 600, ""reference_mode_converged"": true}]",2.999384739420785e-11,3.541614860632335e-13
a0.350000_43+3_41+1,43+3,0.35,0.4410151180265187,41+1,0.34849395838965963,-4.513435964924093e-06,2.0000409198989844,1.2236731271583296e-07,0.9999999999998291,-2.9103334122531667e-13,303.21585647064865,1.1820587576762437e-13,5.2966768893700585e-12,1.8567097653416314e-15,True,"ok; adaptive N=400, reference N=600",400,"[{""candidate_N"": 400, ""candidate_mode_converged"": true, ""gamma_limit"": 0.001, ""gamma_metric"": 4.596769550134907e-12, ""passed"": true, ""r99_relative"": 2.490556387975429e-11, ""real_relative"": 1.592887047103108e-16, ""reference_N"": 600, ""reference_mode_converged"": true}]",1.3238095944305004e-11,3.374828603333147e-13
a0.350000_43+3_43+1,43+3,0.35,0.4410151180265187,43+1,0.34862729806706916,-3.323194716779257e-16,12.00008704338443,2.103107072868539e-17,1.0000000000001534,-1.0537662923409412e-16,276.9323492473328,1.034805697534455e-12,8.841285418525788e-13,8.2072952021478e-16,True,"ok; adaptive N=400, reference N=600",400,"[{""candidate_N"": 400, ""candidate_mode_converged"": true, ""gamma_limit"": 1e-15, ""gamma_metric"": 1.5491561394107233e-19, ""passed"": true, ""r99_relative"": 2.25411503789429e-11, ""real_relative"": 0.0, ""reference_N"": 600, ""reference_mode_converged"": true}]",9.581265969547192e-12,1.5343285818917214e-13
a0.350000_43+3_43+3,43+3,0.35,0.4410151180265187,43+3,0.34862861160960706,-2.5359912488945334e-19,12.000020704776889,3.821235155652708e-21,1.000000000001156,1.1880102686293253e-17,277.20316836348553,3.655635147455739e-12,3.073440686839738e-13,8.72659747147486e-16,True,"ok; adaptive N=400, reference N=600",400,"[{""candidate_N"": 400, ""candidate_mode_converged"": true, ""gamma_limit"": 1e-15, ""gamma_metric"": 2.368682264724513e-21, ""passed"": true, ""r99_relative"": 2.4393586339324352e-11, ""real_relative"": 0.0, ""reference_N"": 600, ""reference_mode_converged"": true}]",6.085147774618225e-12,1.1559642133007602e-12
a0.375000_21+1_21+1,21+1,0.375,0.9542898557486134,21+1,0.36735028199173214,-2.0087305800780943e-17,2.001034173921682,2.6873238827004623e-18,0.9999999999999906,6.384467353737971e-16,71.68391363919622,1.8433982318091978e-14,1.5214116104934293e-12,7.538437237306194e-16,True,"ok; adaptive N=400, reference N=600",400,"[{""candidate_N"": 400, ""candidate_mode_converged"": true, ""gamma_limit"": 1e-15, ""gamma_metric"": 2.167137684288887e-17, ""passed"": true, ""r99_relative"": 2.1881301122950273e-11, ""real_relative"": 3.7778078548274676e-15, ""reference_N"": 600, ""reference_mode_converged"": true}]",6.184796177157167e-10,9.458467891914379e-15
a0.375000_21+1_21-1,21+1,0.375,0.9542898557486134,21-1,0.36629098509512614,-0.0008225766063447625,2.001175806952774,0.00010972522175058737,1.0000000000040326,-2.097875258927351e-12,63.84905677693454,9.930136612989092e-16,1.7960660339339044e-12,1.2204837533517542e-15,True,"ok; adaptive N=400, reference N=600",400,"[{""candidate_N"": 400, ""candidate_mode_converged"": true, ""gamma_limit"": 0.001, ""gamma_metric"": 4.598368468156337e-11, ""passed"": true, ""r99_relative"": 7.784346022118442e-10, ""real_relative"": 6.986423843045368e-14, ""reference_N"": 600, ""reference_mode_converged"": true}]",5.116802080268655e-11,4.545608518078912e-12
a0.375000_32+2_30+0,32+2,0.375,0.6534438016821429,30+0,0.37191932232264696,-0.0012384152996563703,0.0003277091870098791,0.00013109988872973995,0.9999999999988385,1.326940293755463e-12,152.25122936319585,2.6884824797806513e-14,1.2679895410341226e-12,1.0734857908528323e-18,True,"ok; adaptive N=400, reference N=600",400,"[{""candidate_N"": 400, ""candidate_mode_converged"": true, ""gamma_limit"": 0.001, ""gamma_metric"": 2.8540499162787957e-14, ""passed"": true, ""r99_relative"": 5.968100098430253e-11, ""real_relative"": 1.194047158068347e-15, ""reference_N"": 600, ""reference_mode_converged"": true}]",6.553111548100286e-11,1.7634875676379655e-12
a0.375000_32+2_32+0,32+2,0.375,0.6534438016821429,32+0,0.37189150734301785,-1.6020440244201754e-09,6.000519284769709,2.6651844002936574e-10,0.9999999999994786,1.1844233701257553e-15,146.37267496817026,1.83425509697196e-14,1.2671862497003234e-12,4.1968061062262093e-16,True,"ok; adaptive N=400, reference N=600",400,"[{""candidate_N"": 400, ""candidate_mode_converged"": true, ""gamma_limit"": 0.001, ""gamma_metric"": 1.6201128878666353e-10, ""passed"": true, ""r99_relative"": 5.472200431851147e-12, ""real_relative"": 0.0, ""reference_N"": 600, ""reference_mode_converged"": true}]",9.554219149120207e-11,5.213620777442664e-13
a0.375000_32+2_32+2,32+2,0.375,0.6534438016821429,32+2,0.37191410807409336,-1.510655733138934e-18,6.0001405930994265,6.854013685210946e-20,0.9999999999996791,6.339660052570218e-17,147.43025242098346,2.0198029794208606e-14,2.7854544169170686e-13,2.0177981886975746e-15,True,"ok; adaptive N=400, reference N=600",400,"[{""candidate_N"": 400, ""candidate_mode_converged"": true, ""gamma_limit"": 1e-15, ""gamma_metric"": 2.249993754042772e-18, ""passed"": true, ""r99_relative"": 3.0041018772092915e-12, ""real_relative"": 0.0, ""reference_N"": 600, ""reference_mode_converged"": true}]",1.9950143530488083e-11,3.2085446037983546e-13
a0.375000_43+3_41+1,43+3,0.375,0.4687127108838805,41+1,0.3731031739681939,-1.244806470272423e-05,2.0000623489881084,4.0812955445224525e-07,1.0000000000001699,-6.352057958401366e-14,258.49346523661234,1.6645942237040246e-14,8.5523606067075e-13,9.755616059357556e-16,True,"ok; adaptive N=400, reference N=600",400,"[{""candidate_N"": 400, ""candidate_mode_converged"": true, ""gamma_limit"": 0.001, ""gamma_metric"": 5.443628178243188e-13, ""passed"": true, ""r99_relative"": 5.0808525914186906e-11, ""real_relative"": 0.0, ""reference_N"": 600, ""reference_mode_converged"": true}]",1.5980395721887718e-11,1.8135237587170434e-13
a0.375000_43+3_43+1,43+3,0.375,0.4687127108838805,43+1,0.37330543438323116,-1.4011115813116841e-15,12.000130004350696,1.0724769863716041e-16,1.0000000000002942,9.286639585286297e-16,240.3006706421894,1.4394027427741675e-12,7.551100204783094e-13,9.800998545487423e-16,True,"ok; adaptive N=400, reference N=600",400,"[{""candidate_N"": 400, ""candidate_mode_converged"": true, ""gamma_limit"": 1e-15, ""gamma_metric"": 2.4736853237983576e-18, ""passed"": true, ""r99_relative"": 1.3358284427035766e-11, ""real_relative"": 0.0, ""reference_N"": 600, ""reference_mode_converged"": true}]",9.022000688026008e-12,2.942105671747495e-13
a0.375000_43+3_43+3,43+3,0.375,0.4687127108838805,43+3,0.3733075735507228,9.255336031872557e-20,12.00003091432815,-1.6867773893967138e-21,1.0000000000008087,1.3791008560843703e-15,240.6135755754493,2.8543619124018606e-13,1.7145683054131447e-13,8.103263706634779e-16,True,"ok; adaptive N=400, reference N=600",400,"[{""candidate_N"": 400, ""candidate_mode_converged"": true, ""gamma_limit"": 1e-15, ""gamma_metric"": 3.805479042229154e-21, ""passed"": true, ""r99_relative"": 9.016355362843316e-12, ""real_relative"": 0.0, ""reference_N"": 600, ""reference_mode_converged"": true}]",9.514393712006124e-12,8.086876270672555e-13
a0.400000_21+1_21+1,21+1,0.4,0.9702136571099393,21+1,0.39050634616849833,1.773963385783154e-16,2.001412646172406,-2.6075177367208864e-17,1.0000000000000322,1.7397807672695243e-15,61.653526436154934,9.835512518235274e-14,2.049159072564605e-12,4.535455529030581e-16,True,"ok; adaptive N=400, reference N=600",400,"[{""candidate_N"": 400, ""candidate_mode_converged"": true, ""gamma_limit"": 1e-15, ""gamma_metric"": 1.7638262321314425e-16, ""passed"": true, ""r99_relative"": 7.491653940331925e-11, ""real_relative"": 1.3788717449187645e-14, ""reference_N"": 600, ""reference_mode_converged"": true}]",1.7250291286829071e-10,3.224343918357883e-14
a0.400000_21+1_21-1,21+1,0.4,0.9702136571099393,21-1,0.3891112965731497,-0.0016151059383418093,2.0016178283204864,0.00023654240451361787,0.9999999999999493,-6.131380125840025e-15,54.5073021724766,3.580361673049448e-15,2.3325814916668446e-12,1.1344816080644487e-15,True,"ok; adaptive N=400, reference N=600",400,"[{""candidate_N"": 400, ""candidate_mode_converged"": true, ""gamma_limit"": 0.001, ""gamma_metric"": 1.0104034325051447e-10, ""passed"": true, ""r99_relative"": 2.2348947316185932e-09, ""real_relative"": 3.429579370613372e-13, ""reference_N"": 600, ""reference_mode_converged"": true}]",5.3801468784460054e-11,5.110632541243458e-14
a0.400000_32+2_30+0,32+2,0.4,0.6849261736345013,30+0,0.39635930446394,-0.0016176493811279392,0.0004537643200429,0.0002005012875271554,1.0000000000006404,7.053420347791217e-13,133.92949682978102,7.04196984752144e-14,1.3677921468099711e-12,1.3732391282412183e-18,True,"ok; adaptive N=400, reference N=600",400,"[{""candidate_N"": 400, ""candidate_mode_converged"": true, ""gamma_limit"": 0.001, ""gamma_metric"": 4.95972499973886e-14, ""passed"": true, ""r99_relative"": 8.676558913505398e-11, ""real_relative"": 4.2015780080904925e-16, ""reference_N"": 600, ""reference_mode_converged"": true}]",7.099592204519445e-11,9.52674985426482e-13
a0.400000_32+2_32+0,32+2,0.4,0.6849261736345013,32+0,0.39619271364903713,-5.495849157931702e-09,6.000744914834046,1.0701782780592297e-09,0.9999999999993777,4.011921824571567e-16,127.44762800867086,1.2608425406502221e-14,1.3665393950314966e-12,5.65973264340418e-16,True,"ok; adaptive N=400, reference N=600",400,"[{""candidate_N"": 400, ""candidate_mode_converged"": true, ""gamma_limit"": 0.001, ""gamma_metric"": 6.568710755379946e-12, ""passed"": true, ""r99_relative"": 5.973353210628917e-12, ""real_relative"": 0.0, ""reference_N"": 600, ""reference_mode_converged"": true}]",2.3780365049903607e-10,6.222801346293505e-13
a0.400000_32+2_32+2,32+2,0.4,0.6849261736345013,32+2,0.3962288737927122,-5.2776174939307594e-18,6.000201228806568,2.8027661601601e-19,0.9999999999994946,-2.4754761229687467e-15,128.65841126921254,6.128383588625905e-13,4.1513944371882494e-13,2.5695615514142513e-15,True,"ok; adaptive N=400, reference N=600",400,"[{""candidate_N"": 400, ""candidate_mode_converged"": true, ""gamma_limit"": 1e-15, ""gamma_metric"": 4.651316609164015e-18, ""passed"": true, ""r99_relative"": 4.446000213495255e-11, ""real_relative"": 1.400987028025085e-16, ""reference_N"": 600, ""reference_mode_converged"": true}]",2.378096607663017e-11,5.053795835976117e-13
a0.400000_43+3_41+1,43+3,0.4,0.4956976548645012,41+1,0.3976342232616022,-3.2049809434045815e-05,2.000092733552106,1.2525461080732614e-06,1.0000000000002314,6.575032266689304e-14,221.6125413602358,4.076197102228689e-15,9.006229409210048e-13,7.612419200192782e-16,True,"ok; adaptive N=400, reference N=600",400,"[{""candidate_N"": 400, ""candidate_mode_converged"": true, ""gamma_limit"": 0.001, ""gamma_metric"": 0.0, ""passed"": true, ""r99_relative"": 2.3175592023793947e-11, ""real_relative"": 0.0, ""reference_N"": 600, ""reference_mode_converged"": true}]",2.498853915766125e-11,2.4053150141784906e-13
a0.400000_43+3_43+1,43+3,0.4,0.4956976548645012,43+1,0.3979352943977315,-5.4911410578139585e-15,12.000188915170709,5.011256050562193e-16,1.0000000000000946,-1.458594408743554e-15,210.31176299355124,9.172341134498197e-13,9.009758581615314e-13,1.082271426059254e-15,True,"ok; adaptive N=400, reference N=600",400,"[{""candidate_N"": 400, ""candidate_mode_converged"": true, ""gamma_limit"": 1e-15, ""gamma_metric"": 6.536540909362698e-19, ""passed"": true, ""r99_relative"": 2.10023739115188e-11, ""real_relative"": 0.0, ""reference_N"": 600, ""reference_mode_converged"": true}]",9.794072718634422e-12,9.460224680150171e-14
a0.400000_43+3_43+3,43+3,0.4,0.4956976548645012,43+3,0.3979386728116051,7.096758376736855e-20,12.000044906177504,-1.542034992723883e-21,0.9999999999986462,2.6428139538524587e-16,210.66990354812387,3.911567689370622e-12,2.8374752577694773e-13,1.5583185272628468e-15,True,"ok; adaptive N=400, reference N=600",400,"[{""candidate_N"": 400, ""candidate_mode_converged"": true, ""gamma_limit"": 1e-15, ""gamma_metric"": 1.3880809584174017e-20, ""passed"": true, ""r99_relative"": 1.2608252207959875e-11, ""real_relative"": 0.0, ""reference_N"": 600, ""reference_mode_converged"": true}]",6.67719276785197e-12,1.3538059820235829e-12
a0.425000_21+1_21+1,21+1,0.42499999999999993,0.9821489051247918,21+1,0.41332576814452476,-3.287570871278503e-19,2.0018876961898564,5.2407672652644444e-20,1.0000000000000813,2.041771097141995e-15,53.30223189417188,3.669888901847582e-15,2.793105730511989e-12,1.047322909559705e-15,True,"ok; adaptive N=600, reference N=800",600,"[{""candidate_N"": 400, ""candidate_mode_converged"": true, ""gamma_limit"": 1e-15, ""gamma_metric"": 1.0520410432821986e-15, ""passed"": false, ""r99_relative"": 4.155873089904227e-10, ""real_relative"": 8.461128720013412e-14, ""reference_N"": 600, ""reference_mode_converged"": true}, {""candidate_N"": 600, ""candidate_mode_converged"": true, ""gamma_limit"": 1e-15, ""gamma_metric"": 0.0, ""passed"": true, ""r99_relative"": 3.3254140504669196e-12, ""real_relative"": 0.0, ""reference_N"": 800, ""reference_mode_converged"": true}]",2.325512254733633e-11,8.12939699052134e-14
a0.425000_21+1_21-1,21+1,0.42499999999999993,0.9821489051247918,21-1,0.41174405558110855,-0.002789111669231145,2.0021408721965064,0.0004428894905779969,1.0000000000000417,-1.8202635579389614e-12,47.39794877869388,3.972054645195637e-15,2.2597320533803706e-12,1.4373330108283419e-15,True,"ok; adaptive N=400, reference N=600",400,"[{""candidate_N"": 400, ""candidate_mode_converged"": true, ""gamma_limit"": 0.001, ""gamma_metric"": 4.3650416469559726e-10, ""passed"": true, ""r99_relative"": 2.5146357595942026e-09, ""real_relative"": 2.7783614336882414e-12, ""reference_N"": 600, ""reference_mode_converged"": true}]",9.254892613271599e-11,1.8207421602468156e-12
a0.425000_32+2_30+0,32+2,0.42499999999999993,0.7145703718844809,30+0,0.4207586839029174,-0.002062858049594423,0.0006112285482134245,0.0002954135362348287,1.000000000000591,-3.7767705629576653e-13,118.95733909879783,1.157383356530821e-13,9.422128158988509e-13,1.500374111734148e-18,True,"ok; adaptive N=400, reference N=600",400,"[{""candidate_N"": 400, ""candidate_mode_converged"": true, ""gamma_limit"": 0.001, ""gamma_metric"": 3.2796350469386246e-14, ""passed"": true, ""r99_relative"": 3.852319652672115e-11, ""real_relative"": 1.3193108866189447e-16, ""reference_N"": 600, ""reference_mode_converged"": true}]",6.669447018441965e-11,7.014404909761026e-13
a0.425000_32+2_32+0,32+2,0.42499999999999993,0.7145703718844809,32+0,0.4203869913599481,-1.8074416013316315e-08,6.001043085684612,4.064811851791523e-09,1.0000000000003557,-1.213693505584753e-15,111.73268652739387,1.0025503474041831e-14,9.412847358792774e-13,2.640860919587405e-16,True,"ok; adaptive N=400, reference N=600",400,"[{""candidate_N"": 400, ""candidate_mode_converged"": true, ""gamma_limit"": 0.001, ""gamma_metric"": 0.0, ""passed"": true, ""r99_relative"": 4.418282903742249e-11, ""real_relative"": 0.0, ""reference_N"": 600, ""reference_mode_converged"": true}]",3.681410531305973e-11,3.557175276319711e-13
a0.425000_32+2_32+2,32+2,0.42499999999999993,0.7145703718844809,32+2,0.4204434514566624,-1.880531998353062e-17,6.000280996502159,1.1534188412090349e-18,0.9999999999996194,8.372592350408405e-16,113.10658834046046,3.8448637601424555e-13,4.5021837195591274e-13,2.364163468827534e-15,True,"ok; adaptive N=400, reference N=600",400,"[{""candidate_N"": 400, ""candidate_mode_converged"": true, ""gamma_limit"": 1e-15, ""gamma_metric"": 1.402126451420094e-17, ""passed"": true, ""r99_relative"": 1.25423904521112e-11, ""real_relative"": 1.3203000555469393e-16, ""reference_N"": 600, ""reference_mode_converged"": true}]",5.907069161473155e-11,3.8058537379633155e-13
a0.425000_43+3_41+1,43+3,0.42499999999999993,0.5219449037998143,41+1,0.42207638043130585,-7.540250947516062e-05,2.000134932651723,3.467949537602873e-06,0.9999999999998294,9.405554135012706e-14,190.98704789108635,2.926210583643866e-14,1.1550720007902616e-12,6.801140021805026e-16,True,"ok; adaptive N=400, reference N=600",400,"[{""candidate_N"": 400, ""candidate_mode_converged"": true, ""gamma_limit"": 0.001, ""gamma_metric"": 0.0, ""passed"": true, ""r99_relative"": 7.832125706050354e-12, ""real_relative"": 0.0, ""reference_N"": 600, ""reference_mode_converged"": true}]",2.2275585010776816e-11,1.9484581319118738e-13
a0.425000_43+3_43+1,43+3,0.42499999999999993,0.5219449037998143,43+1,0.4225129622574878,-2.0205102820409262e-14,12.000267969618898,2.1706442905536933e-15,1.0000000000003213,-2.0329182576966463e-16,185.45824628850292,6.606166958587055e-13,6.948139980871699e-13,1.225119931705123e-15,True,"ok; adaptive N=400, reference N=600",400,"[{""candidate_N"": 400, ""candidate_mode_converged"": true, ""gamma_limit"": 0.001, ""gamma_metric"": 2.7726040257731385e-05, ""passed"": true, ""r99_relative"": 1.509141756771968e-11, ""real_relative"": 0.0, ""reference_N"": 600, ""reference_mode_converged"": true}]",6.6709125172300224e-12,3.212986076398562e-13
a0.425000_43+3_43+3,43+3,0.42499999999999993,0.5219449037998143,43+3,0.42251815630884526,1.3517670369553219e-19,12.000063668998102,-3.457638365239492e-21,1.0000000000001013,1.390880851609659e-15,185.85750570452984,9.574911715085957e-13,3.099554107189744e-13,2.1859357993561066e-15,True,"ok; adaptive N=400, reference N=600",400,"[{""candidate_N"": 400, ""candidate_mode_converged"": true, ""gamma_limit"": 1e-15, ""gamma_metric"": 1.441329948666737e-20, ""passed"": true, ""r99_relative"": 7.597472927218934e-12, ""real_relative"": 0.0, ""reference_N"": 600, ""reference_mode_converged"": true}]",9.669364421965719e-12,1.0126189250550102e-13
a0.450000_21+1_21+1,21+1,0.45,0.9906150142830604,21+1,0.43574863306077766,-2.8613488405459528e-18,2.002476759735012,4.891372822470858e-19,0.999999999999961,5.303817275564105e-18,46.25145490101299,6.750385922624995e-15,3.457291134511027e-12,1.6225151625262636e-15,True,"ok; adaptive N=400, reference N=600",400,"[{""candidate_N"": 400, ""candidate_mode_converged"": true, ""gamma_limit"": 1e-15, ""gamma_metric"": 8.787516330592822e-18, ""passed"": true, ""r99_relative"": 3.5148778106540696e-09, ""real_relative"": 7.977324600394776e-13, ""reference_N"": 600, ""reference_mode_converged"": true}]",1.0652651056600439e-10,3.8968828525278634e-14
a0.450000_21+1_21-1,21+1,0.45,0.9906150142830604,21-1,0.4342680909321955,-0.004356997927906548,2.0027332022207696,0.0007422389490439924,1.0000000000000004,1.0620844481668001e-14,41.92428601760793,5.094225454242314e-15,3.647605933245822e-12,4.3309947928341125e-16,True,"ok; adaptive N=400, reference N=600",400,"[{""candidate_N"": 400, ""candidate_mode_converged"": true, ""gamma_limit"": 0.001, ""gamma_metric"": 3.8916959050736455e-09, ""passed"": true, ""r99_relative"": 1.3938226345436666e-07, ""real_relative"": 4.627743443075715e-11, ""reference_N"": 600, ""reference_mode_converged"": true}]",7.285039308349865e-11,1.0630124774906591e-14
a0.450000_32+2_30+0,32+2,0.45,0.7423852972954041,30+0,0.44512057400187277,-0.0025766352576663417,0.0008035513791657804,0.000421313146300085,1.0000000000008311,1.7496490367641115e-12,106.56962949355295,4.530745609346819e-15,1.4942965292784797e-12,2.7611795373291156e-18,True,"ok; adaptive N=400, reference N=600",400,"[{""candidate_N"": 400, ""candidate_mode_converged"": true, ""gamma_limit"": 0.001, ""gamma_metric"": 1.9692605509976768e-14, ""passed"": true, ""r99_relative"": 1.159445491356093e-10, ""real_relative"": 0.0, ""reference_N"": 600, ""reference_mode_converged"": true}]",5.720640851389855e-11,1.937013293157859e-12
a0.450000_32+2_32+0,32+2,0.45,0.7423852972954041,32+0,0.4444628810296246,-5.733311538667804e-08,6.001429885493477,1.4714620988109197e-08,0.9999999999997784,-1.3436736163992366e-15,98.52828052865412,5.978733960281817e-15,1.4921521147539685e-12,9.432246845068094e-16,True,"ok; adaptive N=400, reference N=600",400,"[{""candidate_N"": 400, ""candidate_mode_converged"": true, ""gamma_limit"": 0.001, ""gamma_metric"": 1.6673716121413065e-12, ""passed"": true, ""r99_relative"": 7.430215848543908e-12, ""real_relative"": 0.0, ""reference_N"": 600, ""reference_mode_converged"": true}]",2.1683486931496317e-11,2.2160458935685807e-13
a0.450000_32+2_32+2,32+2,0.45,0.7423852972954041,32+2,0.44454923191955215,2.8244552710566156e-19,6.0003838899629445,-1.9770310469646295e-20,0.9999999999997559,-4.685414009369155e-16,100.08485986192187,6.144282254118517e-15,4.085108205745059e-13,2.4947762889290603e-15,True,"ok; adaptive N=400, reference N=600",400,"[{""candidate_N"": 400, ""candidate_mode_converged"": true, ""gamma_limit"": 1e-15, ""gamma_metric"": 5.125271299662832e-19, ""passed"": true, ""r99_relative"": 3.7943610270138993e-11, ""real_relative"": 0.0, ""reference_N"": 600, ""reference_mode_converged"": true}]",1.5919949092158243e-10,2.441384927189916e-13
a0.450000_43+3_41+1,43+3,0.45,0.5474328233088946,41+1,0.44642398533436545,-0.0001589360828521269,2.000192131391001,8.504966578259118e-06,1.0000000000001308,-3.5614957163976335e-14,165.55794878410404,3.863831340950023e-14,1.4010151702981265e-12,1.1643961593388019e-15,True,"ok; adaptive N=400, reference N=600",400,"[{""candidate_N"": 400, ""candidate_mode_converged"": true, ""gamma_limit"": 0.001, ""gamma_metric"": 0.0, ""passed"": true, ""r99_relative"": 2.7210055317738432e-12, ""real_relative"": 0.0, ""reference_N"": 600, ""reference_mode_converged"": true}]",4.028638307596384e-11,1.3554685925927253e-13
a0.450000_43+3_43+1,43+3,0.45,0.5474328233088946,43+1,0.44703436632470755,-7.037793681600224e-14,12.00037204549208,8.79990352607324e-15,0.9999999999990644,-2.5865184033530126e-15,164.62546479741442,2.1515750371503371e-13,8.319476731246913e-13,1.306790661995804e-15,True,"ok; adaptive N=400, reference N=600",400,"[{""candidate_N"": 400, ""candidate_mode_converged"": true, ""gamma_limit"": 0.001, ""gamma_metric"": 8.696238264016741e-06, ""passed"": true, ""r99_relative"": 6.744018835959705e-12, ""real_relative"": 0.0, ""reference_N"": 600, ""reference_mode_converged"": true}]",9.731668639902073e-12,9.355885181895504e-13
a0.450000_43+3_43+3,43+3,0.45,0.5474328233088946,43+3,0.44704216466950614,-5.908383841657193e-19,12.000088349258009,1.7589769212750743e-20,0.9999999999994919,-2.2225653243178087e-15,165.0741374401351,2.572167745706072e-12,5.493331359956591e-13,6.557906621331802e-15,True,"ok; adaptive N=400, reference N=600",400,"[{""candidate_N"": 400, ""candidate_mode_converged"": true, ""gamma_limit"": 1e-15, ""gamma_metric"": 5.679522705495787e-21, ""passed"": true, ""r99_relative"": 2.000506239157451e-12, ""real_relative"": 0.0, ""reference_N"": 600, ""reference_mode_converged"": true}]",8.640312389958835e-12,5.081539389258443e-13
