alpha,chi,state,omega_real_M,gamma_M,separation_real,separation_imag,bilinear_norm_real,bilinear_norm_imag,r_99_M,cf_residual,radial_residual,angular_residual,converged,message
0.1,0.3841668178968236,21+1,0.09987367262695772,4.39596776673252e-20,2.0000007452855773,-2.5918217952603457e-22,1.0,1.5341684663449343e-16,1149.188340047096,1.315735709795572e-13,9.767169308920959e-12,5.0135217496259663e-17,True,ok
0.1,0.3841668178968236,21-1,0.09987360457690089,-3.546446375486724e-11,2.0000007456867936,2.0909504427031105e-13,1.0000000000000002,1.4626232936599326e-10,1148.6356990522982,2.6393079771446637e-13,4.1228494972681733e-11,5.0135217506546736e-17,True,ok
0.1,0.19791155474884012,32+2,0.0999442317375743,3.025576561759584e-23,6.00000006239363,-3.38407619291152e-26,1.0,-1.185555959292249e-16,2177.285446057879,6.42969019681852e-12,8.405936503272849e-13,5.386277847398437e-17,True,ok
0.1,0.19791155474884012,32+0,0.09994422975309299,7.91169545069474e-17,6.000000228784784,-3.244688289030499e-19,1.0000000000000002,-9.648436286220217e-18,2177.209897464382,5.6420976845565444e-11,2.6551994035611655e-12,4.9007898527822943e-17,True,ok
0.1,0.19791155474884012,32+2,0.0999442317375743,3.025576561759584e-23,6.00000006239363,-3.38407619291152e-26,1.0,-1.185555959292249e-16,2177.285446057879,6.42969019681852e-12,8.405936503272849e-13,5.386277847398437e-17,True,ok
0.1,0.19791155474884012,30+0,0.09994218895576776,-5.434087938866247e-07,1.5091635423457014e-07,1.4181642852828056e-09,1.0000000000332778,3.769847221425703e-12,2459.766968656527,1.6693642962362878e-14,3.476960701365252e-06,6.492025454959262e-17,False,mode-function or normalization residual failed
0.1,0.1327021676878389,43+3,0.09996868936896305,8.994223700475456e-33,12.000000012250881,-3.518610569353399e-36,1.0000000000000002,-1.9957985567818129e-16,3473.578826593204,3.046833136916735e-11,1.645483302492478e-12,8.00878350257895e-17,True,ok
0.1,0.1327021676878389,43+1,0.09996868917013094,1.062044203743286e-24,12.00000005145403,-1.74501598284963e-27,0.9999999999999997,-1.0205248040431483e-16,3473.5562672021806,1.5455421719788824e-11,1.6840905761476827e-12,7.585738175088884e-17,True,ok
0.1,0.1327021676878389,43+3,0.09996868936896305,8.994223700475456e-33,12.000000012250881,-3.518610569353399e-36,1.0000000000000002,-1.9957985567818129e-16,3473.578826593204,3.046833136916735e-11,1.645483302492478e-12,8.00878350257895e-17,True,ok
0.1,0.1327021676878389,41+1,0.09996850678748365,-1.2251066991860092e-12,2.000000022180156,8.626867807289279e-16,1.0000000000361007,2.809550808330181e-11,4103.397479940942,9.306161696061807e-13,8.995714922248217e-10,4.85780321913798e-17,True,ok
0.125,0.4697634897135886,21+1,0.12475180800821226,-1.3517943487966314e-19,2.000002735802772,1.4885921178801647e-21,1.0,-7.664785575366563e-17,731.4598087248565,1.615056942596723e-13,4.66084768677097e-12,8.799425747907165e-17,True,ok
0.125,0.4697634897135886,21-1,0.12475147872599127,-4.606805934953466e-10,2.000002739428814,5.072988286291917e-12,1.0000000000209084,1.5088689770066637e-09,730.5923751627446,5.321917074430949e-14,2.3914673553544556e-11,4.720429712156224e-17,True,ok
0.125,0.24594549892517448,32+2,0.12489084434541423,5.897884289166928e-21,6.0000002357090665,-1.2730238597924195e-23,1.0,-1.7811657820259714e-16,1390.4688463324694,2.466342551392644e-12,3.567166101551461e-13,8.129283805133186e-17,True,ok
0.125,0.24594549892517448,32+0,0.12489083485684592,-2.640196988561661e-17,6.000000864341728,2.0895274050692686e-19,0.9999999999999998,1.270453277569212e-16,1390.3513760140909,1.1489402376010637e-12,5.697638469602044e-13,4.9007901145809115e-17,True,ok
0.125,0.24594549892517448,32+2,0.12489084434541423,5.897884289166928e-21,6.0000002357090665,-1.2730238597924195e-23,1.0,-1.7811657820259714e-16,1390.4688463324694,2.466342551392644e-12,3.567166101551461e-13,8.129283805133186e-17,True,ok
0.125,0.24594549892517448,30+0,0.12488450611778212,-2.5344784149849544e-06,5.81908733030503e-07,1.2763905757278872e-08,0.9999999999859046,-1.1133925490689487e-12,1543.1766110684853,2.6211007213266835e-13,7.72838425533813e-07,9.119346124237576e-17,False,mode-function or normalization residual failed
0.125,0.1654372948396467,43+3,0.12493877990648387,2.879718146670528e-30,12.000000046532026,-2.1882733270169943e-33,0.9999999999999996,3.779258060634659e-17,2220.4841822905455,9.763004444949857e-12,9.360053540325207e-13,8.008783516350029e-17,True,ok
0.125,0.1654372948396467,43+1,0.12493877895723587,6.014862945449805e-23,12.00000019543754,-1.9196701375098555e-25,1.0,1.19995835631254e-17,2220.449395242736,5.432976584925325e-12,1.2091884059435765e-12,7.585738130561323e-17,True,ok
0.125,0.1654372948396467,43+3,0.12493877990648387,2.879718146670528e-30,12.000000046532026,-2.1882733270169943e-33,0.9999999999999996,3.779258060634659e-17,2220.4841822905455,9.763004444949857e-12,9.360053540325207e-13,8.008783516350029e-17,True,ok
0.125,0.1654372948396467,41+1,0.12493821549716883,-1.3452249579378826e-11,2.0000000845296464,1.8399966734716603e-14,1.0000000000345812,2.798063305511178e-10,2615.568110231356,1.0503981841937534e-12,3.6958606058845074e-10,4.7204279380026987e-17,True,ok
0.15,0.5491343012133714,21+1,0.14956803799874233,4.5324688737655066e-20,2.000007804188893,-8.17692451207458e-22,1.0000000000000002,2.0774786596908894e-16,504.57562959031554,1.4104202938656593e-13,2.2752612581415798e-12,8.637123470012856e-17,True,ok
0.15,0.5491343012133714,21-1,0.14956683292815431,-4.083770222413152e-09,2.0000078259292113,7.36737803444034e-11,1.0000000010068875,1.4130707926204937e-09,503.3168588296138,8.523738095440143e-14,1.3881772341440498e-11,5.1900722293959653e-17,True,ok
0.15,0.1978827283895547,43+3,0.14989407135020338,9.724498805530133e-29,12.000000138214812,-1.2683962202689386e-31,0.9999999999999998,3.852480335889337e-16,1539.8770712485918,1.8446539924708047e-11,8.369599514828621e-13,8.008783553179939e-17,True,ok
0.15,0.1978827283895547,43+1,0.14989406794380994,1.6392791719083523e-21,12.000000580520878,-8.980281011209946e-24,0.9999999999999998,2.538803979775031e-16,1539.8263189883005,1.0742081989333273e-11,8.171900509854193e-13,6.504736906260293e-17,True,ok
0.15,0.1978827283895547,43+3,0.14989407135020338,9.724498805530133e-29,12.000000138214812,-1.2683962202689386e-31,0.9999999999999998,3.852480335889337e-16,1539.8770712485918,1.8446539924708047e-11,8.369599514828621e-13,8.008783553179939e-17,True,ok
0.15,0.1978827283895547,41+1,0.14989264408852862,-1.0078935473867389e-10,2.0000002521375566,2.366305053391482e-13,0.9999999999953325,2.146739396277512e-09,1807.1890341777828,1.3611066353116363e-12,1.5519584756039055e-10,8.799433414232742e-17,True,ok
0.175,0.62167828051175,21+1,0.17430824855759772,-5.132200978120538e-19,2.0000186775269877,1.382964782967381e-20,0.9999999999999999,-1.2709396143107253e-16,367.80204853375926,1.0387563729204969e-13,9.812450511107352e-13,5.013567727855404e-17,True,ok
0.175,0.62167828051175,21-1,0.174304596608655,-2.7811918722265915e-08,2.000018775934355,7.494269534350771e-10,1.0000001725205352,-6.5009421320209386e-09,366.0570477779194,4.6595894143312556e-14,7.886509014980363e-12,8.49698499571751e-17,True,ok
0.2,0.6870453082262965,21+1,0.19895734610440102,1.8708202326455337e-18,2.000039270410351,-7.027791797593491e-20,1.0,1.5001036005131154e-16,279.0509649164539,4.6910414934067675e-14,4.97189381799795e-13,8.79931297932295e-17,True,ok
0.2,0.6870453082262965,21-1,0.1989476606631685,-1.5608827109047214e-07,2.000039634237956,5.86321635830478e-09,1.0000000000000009,-3.477303182539398e-17,276.7313007812628,2.0759847929722004e-14,4.899633798325611e-12,4.857865423975005e-17,True,ok
0.2,0.3838141716843805,32+2,0.19954877071047114,1.3458013068428914e-17,6.0000037941185544,-1.1303258420476378e-19,1.0,-3.649161692537403e-16,538.1330369842053,1.4445518041428454e-12,1.8578398166420637e-13,6.002220887691117e-17,True,ok
0.2,0.3838141716843805,32+0,0.19954851271533072,-3.4679263993350815e-14,6.000013919725425,1.0679826881572542e-15,1.0000000000000002,-1.1833315613256607e-13,537.8347598746512,7.746752171191651e-13,1.1401430677594047e-12,5.582906099162087e-17,True,ok
0.2,0.3838141716843805,32+2,0.19954877071047114,1.3458013068428914e-17,6.0000037941185544,-1.1303258420476378e-19,1.0,-3.649161692537403e-16,538.1330369842053,1.4445518041428454e-12,1.8578398166420637e-13,6.002220887691117e-17,True,ok
0.2,0.3838141716843805,30+0,0.19949830491431228,-5.450248283961137e-05,9.841956000761811e-06,1.0678373580477938e-06,0.9999999999991354,8.768756120519638e-15,566.4685582662086,1.1012283077620091e-13,4.997517690306176e-09,6.334027036896835e-17,True,ok
0.2,0.2616901964540883,43+3,0.19974806497299463,2.299030864977416e-26,12.000000766314946,-6.988592560210152e-29,0.9999999999999996,2.1059735454217908e-17,863.101857218281,6.170174729140562e-12,4.549357042189463e-13,7.218365148843085e-17,True,ok
0.2,0.2616901964540883,43+1,0.19974803935490143,3.0707048196238705e-19,12.000003218850084,-3.920417294482161e-21,1.0,-1.3403276465527323e-16,863.0125764218759,3.0229558145344175e-12,8.28893059377407e-13,6.625170748251224e-17,True,ok
0.2,0.2616901964540883,43+3,0.19974806497299463,2.299030864977416e-26,12.000000766314946,-6.988592560210152e-29,0.9999999999999996,2.1059735454217908e-17,863.101857218281,6.170174729140562e-12,4.549357042189463e-13,7.218365148843085e-17,True,ok
0.2,0.2616901964540883,41+1,0.19974178432295542,-2.8079009862219616e-09,2.0000014137316597,1.5363333991475298e-11,1.0000000012127293,2.224754296800868e-08,1003.1084371478981,2.452905531834887e-14,1.369588371608829e-11,8.637150683944849e-17,True,ok
0.22499999999999998,0.7451164771598099,21+1,0.22349904613622995,1.0280756689203146e-18,2.0000747486729873,-5.102719091352303e-20,0.9999999999999999,1.3782730405086852e-16,218.2246252251337,1.3742966096148154e-14,4.681482308450804e-13,8.7992034761754e-17,True,ok
0.22499999999999998,0.7451164771598099,21-1,0.22347573061791234,-7.547204814429978e-07,2.000075905847786,3.7455646077243754e-08,1.0000000000000002,-2.929080165670365e-16,215.19971865065654,6.229728639379275e-15,4.0257830333073676e-12,5.1903211964715373e-17,True,ok
0.22499999999999998,0.4272064440933289,32+2,0.22435497311504574,1.3287344131137306e-20,6.000007556916206,-1.5544644858664048e-22,0.9999999999999999,2.760014503594688e-16,423.4882562708121,2.902397409849602e-13,1.4954189593688429e-13,6.002224621778457e-17,True,ok
0.22499999999999998,0.4272064440933289,32+0,0.22435438109169265,-2.2829209309714e-13,6.000027734136423,9.792764081786437e-15,1.0,-2.141674209457693e-12,423.1084092478959,1.3014315886702095e-13,8.068431908851311e-13,6.991791925732537e-17,True,ok
0.22499999999999998,0.4272064440933289,32+2,0.22435497311504574,1.3287344131137306e-20,6.000007556916206,-1.5544644858664048e-22,0.9999999999999999,2.760014503594688e-16,423.4882562708121,2.902397409849602e-13,1.4954189593688429e-13,6.002224621778457e-17,True,ok
0.22499999999999998,0.4272064440933289,30+0,0.22428081338679337,-0.0001065613792285438,1.9657484937223757e-05,2.9078634584496254e-06,1.000000000001239,-4.563015004906135e-13,440.5621856548655,2.7033716608567168e-14,8.914942041470398e-10,5.173069403029158e-17,True,ok
0.25,0.7959734945938708,21+1,0.24791561944249552,1.2899048060408805e-19,2.0001315083850564,-8.104116950479565e-21,1.0,-2.1699028178257558e-17,174.72677765375104,1.5573321172850603e-14,4.983070263492265e-13,5.0138570572680413e-17,True,ok
0.25,0.7959734945938708,21-1,0.24786340662988413,-3.2344510769674473e-06,2.0001347884270606,2.0316871069833572e-07,1.0000000000000004,6.574047167371647e-16,170.84713291637976,5.114145054154239e-15,4.090645445764283e-12,8.276500307606147e-17,True,ok
0.25,0.46911119480762914,32+2,0.24911128042320868,4.705731674317935e-20,6.000013944890539,-7.370601814609997e-22,1.0,-1.6877307026916168e-16,341.49446982015024,6.041101651914489e-14,1.0772811071393088e-13,6.002230961057337e-17,True,ok
0.25,0.46911119480762914,32+0,0.24911003365390982,-1.2821014909336958e-12,6.000051203033578,7.363261951537866e-14,1.0000000000000002,7.431915484048324e-12,341.02474458514035,2.6412496776623096e-13,7.973018623888868e-13,4.9008108502830596e-17,True,ok
0.25,0.46911119480762914,32+2,0.24911128042320868,4.705731674317935e-20,6.000013944890539,-7.370601814609997e-22,1.0,-1.6877307026916168e-16,341.49446982015024,6.041101651914489e-14,1.0772811071393088e-13,6.002230961057337e-17,True,ok
0.25,0.46911119480762914,30+0,0.24901364793448275,-0.00018693317284103269,3.610800857697821e-05,6.82913473435262e-06,0.9999999999998621,1.1738678605544006e-13,352.2837866186048,4.244491725279771e-14,1.701903037261152e-10,6.825397698862967e-17,True,ok
0.275,0.8398619844523131,21+1,0.27218757483346534,-5.2308978560647547e-20,2.0002170962243833,4.016972179342521e-21,0.9999999999999996,1.5393529152476043e-16,142.5508285575704,4.3907664649690535e-14,8.270828410219347e-13,8.376274356696896e-17,True,ok
0.275,0.8398619844523131,21-1,0.2720772171127697,-1.2477696561684803e-05,2.000225569239207,9.578114931390136e-07,0.9999999999999999,4.3190548793675676e-16,137.65406777463693,1.4024680341197648e-15,4.992840525600947e-12,8.798738024518472e-17,True,ok
0.275,0.5094294595450876,32+2,0.27381137257984556,-8.788660978982472e-19,6.000024184544862,1.7843180189315186e-20,0.9999999999999998,-1.4118956931527868e-16,280.84207789653794,3.541231130006694e-13,1.491776149290914e-13,5.3862792981733484e-17,True,ok
0.275,0.5094294595450876,32+0,0.27380892222547626,-6.343812647040866e-12,6.000088859571377,4.72250359661491e-13,0.9999999999999999,3.227622635462144e-11,280.2744824985699,3.824399985336007e-13,7.972433243412809e-13,4.9008263621478725e-17,True,ok
0.275,0.5094294595450876,32+2,0.27381137257984556,-8.788660978982472e-19,6.000024184544862,1.7843180189315186e-20,0.9999999999999998,-1.4118956931527868e-16,280.84207789653794,3.541231130006694e-13,1.491776149290914e-13,5.3862792981733484e-17,True,ok
0.275,0.5094294595450876,30+0,0.273695380383789,-0.00030227321326622346,6.193185666776272e-05,1.4313202322956235e-05,0.9999999999998188,3.404078234570118e-13,288.1842014681113,1.461587233036585e-13,3.628109322281258e-11,7.082005661185741e-17,True,ok
0.3,0.8771530275949279,21+1,0.2962932484797508,-3.365176280512623e-18,2.0003401082874284,3.068361589094517e-19,0.9999999999999998,-1.6920394349884685e-16,118.08047417580809,4.8306954391107036e-14,9.939691593231979e-13,5.19128767688263e-17,True,ok
0.3,0.8771530275949279,21-1,0.2960725337516903,-4.339853571511092e-05,2.0003602257657125,3.954104680675752e-06,1.0000000000000004,-6.932591978779656e-16,112.04865359321873,9.95686712439551e-16,7.268364284848229e-12,8.635623013012139e-17,True,ok
0.3,0.5480790804374224,32+2,0.2984486854141257,-1.3501888129101635e-19,6.000039839470446,3.458432369026435e-21,1.0000000000000002,-2.0585938139007445e-16,234.72209928220005,5.887658950491183e-13,3.1981373004102506e-13,4.9198766639709826e-17,True,ok
0.3,0.5480790804374224,32+0,0.2984441348278812,-2.83228763734976e-11,6.000146506795781,2.660081545559686e-12,1.0000000000000002,5.098294176120842e-11,234.0487424479891,3.1762724699816697e-13,7.031345071034203e-13,6.364755389651741e-17,True,ok
0.3,0.5480790804374224,32+2,0.2984486854141257,-1.3501888129101635e-19,6.000039839470446,3.458432369026435e-21,1.0000000000000002,-2.0585938139007445e-16,234.72209928220005,5.887658950491183e-13,3.1981373004102506e-13,4.9198766639709826e-17,True,ok
0.3,0.5480790804374224,30+0,0.2983256565958216,-0.00045912671453004626,0.00010033058786838742,2.7428795803788585e-05,0.9999999999998467,1.6912191861794684e-14,240.29460869478865,2.503204684030447e-13,9.021120514760759e-12,6.880605158897537e-17,True,ok
0.32499999999999996,0.9083063391388978,21+1,0.32020825567268035,-8.255648994357201e-18,2.0005101089225517,8.722837628321045e-19,0.9999999999999999,4.687085127610331e-17,99.0323359260418,4.550129226090628e-14,9.225686879378023e-13,8.374463740732586e-17,True,ok
0.32499999999999996,0.9083063391388978,21-1,0.3197957861355027,-0.00013416059231678167,2.000553664755261,1.41568758620567e-05,1.0,-2.588735974716483e-16,91.93023928344552,3.2601540044243225e-16,1.240518775415756e-11,4.85867299948383e-17,True,ok
0.32499999999999996,0.584994669680646,32+2,0.3230163854498812,2.1287824375548426e-18,6.000062841486736,-6.723360630890269e-20,1.0,-6.573540805196894e-17,198.83835846233507,4.179209883746158e-13,2.3266450677653915e-13,9.121252246267465e-17,True,ok
0.32499999999999996,0.584994669680646,32+0,0.32300832360788123,-1.1619777208043287e-10,6.000231355743268,1.3456315231893454e-11,1.0,-5.273116475406265e-10,198.0511969793978,1.3973805732312544e-13,7.742927269150241e-13,5.583070842006725e-17,True,ok
0.32499999999999996,0.584994669680646,32+2,0.3230163854498812,2.1287824375548426e-18,6.000062841486736,-6.723360630890269e-20,1.0,-6.573540805196894e-17,198.83835846233507,4.179209883746158e-13,2.3266450677653915e-13,9.121252246267465e-17,True,ok
0.32499999999999996,0.584994669680646,30+0,0.3204284120149543,-0.002192936456448695,0.00033712414524111656,0.0001602989137778021,1.0,-1.394717674685353e-15,103.2284351814875,2.0397795878739422e-14,7.535859177860839e-13,7.668513953334221e-17,True,ok
0.32499999999999996,0.41263333480065467,43+3,0.3239054399586606,2.0908611089370075e-18,12.000013437133845,-2.562468817584103e-20,0.9999999999999998,-4.0235333244704284e-17,322.57652749058843,5.10517316354654e-13,1.2851177763683582e-13,8.008788895566948e-17,True,ok
0.32499999999999996,0.41263333480065467,43+1,0.3239046614047415,-7.667159881867861e-19,12.000056476118242,3.9465482905698136e-20,1.0,1.2477621892248707e-16,322.3403022484969,1.0317927312931651e-11,6.565504693073043e-13,6.625154734609029e-17,True,ok
0.32499999999999996,0.41263333480065467,43+3,0.3239054399586606,2.0908611089370075e-18,12.000013437133845,-2.562468817584103e-20,0.9999999999999998,-4.0235333244704284e-17,322.57652749058843,5.10517316354654e-13,1.2851177763683582e-13,8.008788895566948e-17,True,ok
0.32499999999999996,0.41263333480065467,41+1,0.3238182707138666,-1.5478299089094568e-06,2.0000261094900895,3.41358406528057e-08,1.0000000000015201,-1.4248174025475633e-12,358.1843420013019,1.1759286561945984e-13,1.7531216949759769e-12,4.8578441849172893e-17,True,ok
0.35,0.9338374008792341,21+1,0.34390473638514685,1.3968237265416265e-17,2.000737612481191,-1.6753635288272081e-18,0.9999999999999999,-1.9001474193496308e-16,83.90648486441604,3.022847719047665e-14,1.1603466189608576e-12,8.797158443596205e-17,True,ok
0.35,0.9338374008792341,21-1,0.34320281905727085,-0.0003596778991878993,2.0008217371532706,4.305122808441098e-05,1.0000000000000007,4.528712474471952e-16,76.11764079486532,1.0131027993141359e-15,2.494438354798561e-11,8.796899024409846e-17,True,ok
0.35,0.6201272777429633,32+2,0.3475073437059239,5.224449210550177e-18,6.000095514842329,-1.9947580351682395e-19,0.9999999999999999,-2.8807323279877927e-16,170.38162762818538,3.6792162100414415e-13,3.0939649732177565e-13,7.364547971605321e-17,True,ok
0.35,0.6201272777429633,32+0,0.34749361659107036,-4.4435331603081087e-10,6.000352150624279,6.220877186976256e-11,0.9999999996205186,-2.200525904829209e-09,169.4630301623873,4.7756210047691353e-14,1.0697041504834186e-12,8.034182370558863e-17,True,ok
0.35,0.6201272777429633,32+2,0.3475073437059239,5.224449210550177e-18,6.000095514842329,-1.9947580351682395e-19,0.9999999999999999,-2.8807323279877927e-16,170.38162762818538,3.6792162100414415e-13,3.0939649732177565e-13,7.364547971605321e-17,True,ok
0.35,0.6201272777429633,30+0,0.33330780715827785,-0.0172043896789791,0.001500006792165586,0.0014695400924243855,1.0000000000001408,-9.525713551283843e-14,36.260450223486586,5.871077510169344e-16,1.9932931809595645e-10,5.405859402156642e-17,True,ok
0.35,0.4410151180265482,43+3,0.34862861160960706,1.0431832290089908e-17,12.000020704776889,-1.5718699464024757e-19,0.9999999999999999,-3.635132449302147e-17,277.20316840022406,4.182605571206773e-12,2.836947203448673e-13,8.008791815157959e-17,True,ok
0.35,0.4410151180265482,43+1,0.34862729806706916,-2.7130208120784494e-18,12.000087043384417,1.7169542397999166e-19,1.0000000000000002,-1.5501950470522072e-15,276.9323492825246,3.136593370332171e-11,1.309251925652352e-12,6.614040341720346e-17,True,ok
0.35,0.4410151180265482,43+3,0.34862861160960706,1.0431832290089908e-17,12.000020704776889,-1.5718699464024757e-19,0.9999999999999999,-3.635132449302147e-17,277.20316840022406,4.182605571206773e-12,2.836947203448673e-13,8.008791815157959e-17,True,ok
0.35,0.4410151180265482,41+1,0.34849395838965963,-4.513435964921567e-06,2.0000409198989844,1.2236731271578087e-07,0.9999999999992646,9.048013057647193e-13,303.2162283903128,1.0187847300908695e-13,2.1861309208415048e-12,5.190193249554557e-17,True,ok
0.375,0.9542898557486135,21+1,0.36735028199173214,-1.4345350944878642e-17,2.001034173921682,1.919152552473874e-18,0.9999999999999998,-1.2642929130572177e-19,71.68391364202603,1.8399843176370807e-14,1.4915975929274548e-12,8.187648595460554e-17,True,ok
0.375,0.9542898557486135,21-1,0.36629098509512614,-0.0008225766063447506,2.001175806952774,0.00010972522175058579,0.9999999999999997,5.65303012733942e-16,63.88377652103543,9.811467295305649e-17,6.085652578738874e-11,5.194347827819308e-17,True,ok
0.375,0.6534438016821429,32+2,0.37191410807409336,-7.287028154601005e-19,6.0001405930994265,3.306206013753587e-20,1.0,-1.0468863746554813e-16,147.43025243158658,1.3286663835934435e-14,2.2802505312881214e-13,6.002356655552071e-17,True,ok
0.375,0.6534438016821429,32+0,0.37189150734301785,-1.6020440245713629e-09,6.000519284769709,2.665184400552013e-10,0.9999999985317094,-2.900979209446284e-09,146.37267507542177,1.720981360025329e-14,1.6060936375830997e-12,6.159642599414566e-17,True,ok
0.375,0.6534438016821429,32+2,0.37191410807409336,-7.287028154601005e-19,6.0001405930994265,3.306206013753587e-20,1.0,-1.0468863746554813e-16,147.43025243158658,1.3286663835934435e-14,2.2802505312881214e-13,6.002356655552071e-17,True,ok
0.375,0.6534438016821429,30+0,0.35672260116611526,-0.021462408880290346,0.0019691921248025917,0.0021782426270882203,1.000000000000505,1.0340617251358708e-12,33.32005478431974,6.387330433741625e-16,3.770782793216833e-10,5.467304785607634e-17,True,ok
0.4,0.9702136571099393,21+1,0.3905063461684983,-7.11545497335539e-17,2.001412646172406,1.0458882746146476e-17,1.0000000000000002,2.0457424170581015e-17,61.65352644183308,4.612837609601222e-14,3.588386837701274e-12,5.1952159849113506e-17,True,ok
0.4,0.9702136571099393,21-1,0.3891112965731497,-0.0016151059383418323,2.0016178283204864,0.00023654240451362126,1.0,-1.8865117801247777e-16,54.56735399018787,1.4700400346924369e-15,1.932514524896293e-10,5.3982577321675535e-17,True,ok
0.4,0.684926173634467,32+2,0.39622887379271216,-1.078659618622624e-18,6.000201228806568,5.728400515730994e-20,1.0000000000000002,-1.7220239082112429e-16,128.65841128579066,8.880098898121735e-14,2.986263918460831e-13,9.120968922522465e-17,True,ok
0.4,0.684926173634467,32+0,0.39619271364903713,-5.495849158298513e-09,6.000744914834046,1.070178278128689e-09,1.0000000007686847,8.018030213102765e-10,127.44762831327844,1.249001806427725e-14,1.2732893186950873e-12,5.583459999255066e-17,True,ok
0.4,0.684926173634467,32+2,0.39622887379271216,-1.078659618622624e-18,6.000201228806568,5.728400515730994e-20,1.0000000000000002,-1.7220239082112429e-16,128.65841128579066,8.880098898121735e-14,2.986263918460831e-13,9.120968922522465e-17,True,ok
0.4,0.684926173634467,30+0,0.392626605165364,-0.004986060186251903,0.0009177331096792095,0.0006121068149737385,1.0000000000010605,7.563394355258879e-16,71.15109385735173,5.6502331338020955e-15,1.2759328979077592e-12,4.5720077178545866e-17,True,ok
0.4,0.49569765486450124,43+3,0.3979386728116051,-1.2512321763404146e-18,12.000044906177504,2.718767777502034e-20,0.9999999999999998,2.484789401423338e-16,210.6699035752219,3.8794357893767176e-12,2.9774371717360734e-13,8.008801537778722e-17,True,ok
0.4,0.49569765486450124,43+1,0.3979352943977315,-5.49038949493403e-15,12.000188915170709,5.010570168675046e-16,0.9999999999999998,-3.4347561394807216e-14,210.31176301858952,9.234634098330887e-13,1.2477361486396771e-12,7.491044108097558e-17,True,ok
0.4,0.49569765486450124,43+3,0.3979386728116051,-1.2512321763404146e-18,12.000044906177504,2.718767777502034e-20,0.9999999999999998,2.484789401423338e-16,210.6699035752219,3.8794357893767176e-12,2.9774371717360734e-13,8.008801537778722e-17,True,ok
0.4,0.49569765486450124,41+1,0.3976342232616022,-3.204980943404451e-05,2.000092733552106,1.2525461080732114e-06,0.9999999999995337,7.837045967154684e-13,221.6145192778259,1.1945399746287406e-15,1.2426536967223534e-12,8.799147967945478e-17,True,ok
0.42499999999999993,0.982148905124792,21+1,0.41332576814455807,-1.0846109439598345e-17,2.001887696189851,1.728994979336281e-18,0.9999999999999998,1.701723154605111e-16,53.302231894884116,6.337228822060307e-15,1.431714954972285e-11,8.264350244720135e-17,True,ok
0.42499999999999993,0.982148905124792,21-1,0.41174405558110855,-0.0027891116692311583,2.0021408721965064,0.00044288949057799947,1.0000000000000007,5.074066167232161e-16,47.49181794948923,1.338652399417759e-15,8.795748803270369e-10,8.485777242979735e-17,True,ok
0.42499999999999993,0.7145703718844824,32+2,0.42044345145666245,2.8122710909211108e-18,6.000280996502159,-1.7248983084024682e-19,1.0000000000000004,1.4396403027571767e-16,113.10658835435527,2.0033959990383362e-13,4.656619680933087e-13,8.128394576714622e-17,True,ok
0.42499999999999993,0.7145703718844824,32+0,0.4203869913599481,-1.8074416014034946e-08,6.0010430856846195,4.0648118519575534e-09,0.9999999999999994,8.490336655454946e-17,111.73268739364644,5.548220204935252e-15,1.4456280098771626e-12,4.901219506098125e-17,True,ok
0.42499999999999993,0.7145703718844824,32+2,0.42044345145666245,2.8122710909211108e-18,6.000280996502159,-1.7248983084024682e-19,1.0000000000000004,1.4396403027571767e-16,113.10658835435527,2.0033959990383362e-13,4.656619680933087e-13,8.128394576714622e-17,True,ok
0.42499999999999993,0.7145703718844824,30+0,0.4166366384893285,-0.006207033023506588,0.0012045154271004702,0.000880036642695627,1.0000000000000016,4.163336342344337e-16,64.24808224996748,2.523579309267781e-14,1.3549270503297335e-12,7.286147014343192e-17,True,ok
0.42499999999999993,0.5228851362802492,43+3,0.42341090998215714,2.1654563138395744e-20,12.000040956552269,-5.570685950176025e-22,0.9999999999999949,2.500284804208199e-15,302.42693039208666,7.244669983071807e-13,3.45647930030698e-13,8.008799951030545e-17,True,ok
0.42499999999999993,0.5228851362802492,43+1,0.4225129673574274,-2.006404273926024e-14,12.000268935382124,2.1632629900812513e-15,0.9999999999999999,-1.4592812824992e-13,185.45863147825318,5.691234075125129e-13,7.674005100869566e-13,7.388247813825415e-17,True,ok
0.42499999999999993,0.5228851362802492,43+3,0.42341090998215714,2.1654563138395744e-20,12.000040956552269,-5.570685950176025e-22,0.9999999999999949,2.500284804208199e-15,302.42693039208666,7.244669983071807e-13,3.45647930030698e-13,8.008799951030545e-17,True,ok
0.42499999999999993,0.5228851362802492,41+1,0.4220765372389177,-7.517461481448271e-05,2.000135411978033,3.4699368005600596e-06,0.9999999999999484,-1.3742181221090832e-14,191.0010803337882,2.6194194067185017e-14,8.021371137566622e-13,8.636580094771411e-17,True,ok
0.45,0.990615014283061,21+1,0.43574863306077766,2.113583803010083e-18,2.002476759735012,-3.613095413450375e-19,1.0,-1.6470350141517668e-16,46.2514550632526,6.845543227397745e-15,8.722048793460227e-11,8.362331847843469e-17,True,ok
0.45,0.990615014283061,21-1,0.4434281164441485,-0.001416293821865813,2.0011526117210177,0.0002464517867036339,1.0000000000000238,-8.010042282236007e-14,92.05467872373168,2.8174402764548506e-15,9.838926401714485e-08,5.1942624999797936e-17,False,mode-function or normalization residual failed
0.45,0.742385297295443,32+2,0.44454923191955215,3.290466623574525e-19,6.0003838899629445,-2.3032245334070254e-20,1.0,-6.778315301855323e-17,100.08485987150978,1.7641283147618507e-14,6.563135726625337e-13,5.3863009867197154e-17,True,ok
0.45,0.742385297295443,32+0,0.4444628810296246,-5.7333115385937845e-08,6.001429885493477,1.4714620987919439e-08,1.0000000000039773,2.892372438330944e-13,98.5282829436843,6.168436077895316e-15,1.4813628364345353e-12,5.583979163097416e-17,True,ok
0.45,0.742385297295443,32+2,0.44454923191955215,3.290466623574525e-19,6.0003838899629445,-2.3032245334070254e-20,1.0,-6.778315301855323e-17,100.08485987150978,1.7641283147618507e-14,6.563135726625337e-13,5.3863009867197154e-17,True,ok
0.45,0.742385297295443,30+0,0.44063459267462723,-0.007569331769404211,0.0015427787376809056,0.0012249684529267702,1.000000000000004,3.899658373995862e-15,58.51709440052657,5.638357018365972e-15,1.617293008330427e-12,6.191038922454139e-17,True,ok
0.45,0.5485222024975507,43+3,0.44810586380104145,-2.2463937221017485e-19,12.000056869924675,6.730361951033095e-21,0.9999999999999942,5.361182021112298e-15,268.64674571122697,1.600164868750192e-12,3.4174411355137616e-13,7.218545141168814e-17,True,ok
0.45,0.5485222024975507,43+1,0.4470343748801763,-6.978446948428922e-14,12.000373526619397,8.760460441100448e-15,1.0,5.496898615887441e-13,164.6259580428453,4.087963146165972e-14,1.225132057821246e-12,6.231039861853508e-17,True,ok
0.45,0.5485222024975507,43+3,0.44810586380104145,-2.2463937221017485e-19,12.000056869924675,6.730361951033095e-21,0.9999999999999942,5.361182021112298e-15,268.64674571122697,1.600164868750192e-12,3.4174411355137616e-13,7.218545141168814e-17,True,ok
0.45,0.5485222024975507,41+1,0.44642413631307676,-0.00015847630380481738,2.0001928886892535,8.514149399586454e-06,1.000000000000294,-4.629608328643453e-14,165.574233584837,2.6505653202359233e-14,1.1464419997677095e-12,5.1907490734123564e-17,True,ok
